url,date,comments,hashtag_list
https://www.instagram.com/p/CAmOVsNAqQ2/,2020-05-25,"피드 보다 궁금하셔서
문의하셨다는 인친님

네네, 언제든 일단 물어봐주셔요!

이게 정말 될까
가능한 것인지
나도 할 수 있을지
아니면 사기는 아닌지
고민만 하지 마시고
편하게 다 물어보셔요!

요즘 정말 많은 종류의 부업이
많이 생겼어요.

하지만 문의주시는 대부분의
분들이 걱정하시는 부분은
홍보와 모집이었습니다. ⠀
⠀
네, 정말 어렵고 홍보한다고
문의가 올까? 싶고요..
모두가 공감하는 부분이
아닐까 생각해요.

하지만, 더바더는 다릅니다.
혼자 홍보하도록 방치하는일!
절대 있을 수 없죠!

초기비용도 타부업에 비해
저렴한 편이고
팀으로 움직이기 때문에
부담감도 훨씬 적어
상담 주신 많은 분들이
한번 도전해 볼까요?!
하십니다. ⠀
⠀
제가 할 수 있는건
정말 있는 그대로
진심 다해 교육 해드리고
어려운 부분 같이 해드리는게
전부지만, 이게 힘이된다고 하시네요. ⠀
⠀
🌈부담없는 초기비용 10만원
🌈추천인수당 10만원‐승급수당 10만원
🌈5레벨 보너스 50만원
🌈내멘토가 내아래 자리잡는 내리추천
⠀
도전은 누구나 할 수 있어요!
하지만 시작을 누구와 하느냐도
중요합니다.

나나언니가 끝까지 함께할게요!
.
.
.
#더바더부업
#써밋나나언니
#도도핑퐁 #팀부업#쉬운부업#부업문의#추천부업#육아맘부업#직장인부업#실패없는부업#인스타로돈벌기#sns부업#젊줌마#젊줌마일상#감성카페#가족스타그램#오오티디#직장인점심#5월여행지추천 역시 나나언니 최고최고 ! 최고의멘토!!🤗💯 👍👍👍 믿을수잇죵 😆 ",", , 도도핑퐁, 팀부업, 쉬운부업, 부업문의, 추천부업, 육아맘부업, 직장인부업, 실패없는부업, 인스타로돈벌기, sns부업, 젊줌마, 젊줌마일상, 감성카페, 가족스타그램, 오오티디, 직장인점심, 5월여행지추천"
https://www.instagram.com/p/CAmPmtnBnzw/,2020-05-25,HAPPY BIRTHDAY🥳 #의정부 #의정부카페 #카페 #cafe #감성카페 #의정부맛집 #의정부술집 #의정부핫플 #의정부케이크 #의정부시내카페 #의정부역카페 #의정부대관 #카페대관 #의정부카페추천 ,"의정부, 의정부카페, 카페, cafe, 감성카페, 의정부맛집, 의정부술집, 의정부핫플, 의정부케이크, 의정부시내카페, 의정부역카페, 의정부대관, 카페대관, 의정부카페추천"
https://www.instagram.com/p/CAmPmJZljzL/,2020-05-25,"ᴋ
업뎃하고프다⠀⠀⠀⠀⠀⠀⠀⠀⠀⠀⠀⠀⠀⠀⠀⠀⠀ ⠀⠀⠀⠀⠀⠀⠀⠀⠀⠀⠀⠀⠀⠀⠀⠀ ⠀⠀⠀⠀⠀⠀⠀⠀ ⠀⠀⠀⠀⠀⠀⠀⠀⠀⠀⠀⠀⠀⠀⠀⠀ ⠀⠀⠀⠀⠀⠀⠀⠀⠀⠀⠀⠀⠀⠀⠀⠀ ⠀⠀⠀⠀⠀⠀⠀⠀⠀⠀⠀⠀⠀⠀⠀⠀ ⠀⠀⠀⠀⠀ ⠀⠀⠀⠀⠀⠀⠀⠀⠀⠀⠀⠀⠀⠀⠀⠀ ⠀⠀⠀⠀⠀⠀⠀⠀⠀⠀⠀⠀⠀⠀⠀⠀ ⠀⠀⠀⠀⠀⠀⠀⠀ ⠀⠀⠀⠀⠀⠀⠀⠀⠀⠀⠀⠀
-
#일상 #데일리 #좋아요 #소통 #셀스타그램
#디저트카페 #l4l #맞팔 #선팔 #팔로우
#카페 #커피스타그램 #팔로우
#신상카페 #카페그램 #가오픈카페
#카페탐방 #cafe #감성카페 #인친
#카페스타그램 #카페투어 #카페추천
#경기도카페 #이해공간 #부천카페 ",", , , , , , l4l, , , , , , , , , , , cafe, , , , , , , 이해공간, 부천카페"
https://www.instagram.com/p/CAmPkutJiVT/,2020-05-25,"맨날 주말하고 씨푼데 !!!!!! ˃̣̣̣̣̣̣︿˂̣̣̣̣̣̣ !!! 💗 #셀스타그램 #셀카 #selfie #ootd #daily #fff #instadaily #카페스타그램 #널스타그램 #창원여행 #l4l #follow #likeforlikes #간호학과 #감성카페 #팔로우 #맞팔 #선팔하면맞팔 #좋튀 #좋반 #먹스타그램 #출근룩 #먹팔 #소통 #데일리룩 #데일리 #dm 노래좋다 ㅎ ㅎ육성재 존잘 사랑해 육성재 육성재 개잘생김 ㅠㅠ ㅋㅋㅋㅋㅋㅋㅋㅋㅋㅋㅋㅋ아 제발 그냥 노래 듣기나 해 ,, 그리워하다 감미롭네 ,,, ♥︎ ,, 너무 이뻐용 🙈💛 너무 이쁘다 ^.^ 나는 주말 싫어 .. 이뿐뎅 ? 니코니코 니 코 지코지코니? 오 ㅋㅋ 이 사진 보고 터미널 이디야 박살내고 오는 길이야 😭 ","셀스타그램, 셀카, selfie, ootd, daily, fff, instadaily, 카페스타그램, 널스타그램, 창원여행, l4l, follow, likeforlikes, 간호학과, 감성카페, 팔로우, 맞팔, 선팔하면맞팔, 좋튀, 좋반, 먹스타그램, 출근룩, 먹팔, 소통, 데일리룩, 데일리, dm"
https://www.instagram.com/p/CAmPiWpBQ-L/,2020-05-25,"모두들 맛점하셨나요?
테라스에서 간단하게 비빔국수 먹었더니 소풍나온 기분이네요🌴 #아메릭한옥 #한옥카페 #아산여행 #아산카페 #천안한옥카페 #영인산자연휴양림 #영인산 #영인산카페 #아산한옥카페 #갬성사진 #갬성카페 #감성카페 #감성사진 #영인카페 #스파비스 #스피비스카페 우와😍 ","아메릭한옥, 한옥카페, 아산여행, 아산카페, 천안한옥카페, 영인산자연휴양림, 영인산, 영인산카페, 아산한옥카페, 갬성사진, 갬성카페, 감성카페, 감성사진, 영인카페, 스파비스, 스피비스카페"
https://www.instagram.com/p/CAmPZNhneaq/,2020-05-25,"-
월요일, 문 열었습니다. .
.
@cafe_carefree
.
#케어프리 #케어프리커피 #케어프리카페 #카페케어프리 #초록문 #초록문카페
#노원카페 #수락산 #수락산카페 #디저트 #데일리 #감성카페 #카페 #커피 #카페스타그램 #카페추천 #디저트 #티라미수 #수락산라떼 #수락산맛집
#carefree #carefreecoffee #carefreecafe #cafecarefree #cafe #coffee ","케어프리, 케어프리커피, 케어프리카페, 카페케어프리, 초록문, 초록문카페, 노원카페, 수락산, 수락산카페, 디저트, 데일리, 감성카페, 카페, 커피, 카페스타그램, 카페추천, 디저트, 티라미수, 수락산라떼, 수락산맛집, carefree, carefreecoffee, carefreecafe, cafecarefree, cafe, coffee"
https://www.instagram.com/p/CAmPU-kAhot/,2020-05-25,요즘 핫한 #크리커 💙 #이천카페 #카페추천 #카페스타그램 #카페데이트 #카페가자 #데이트코스 #카페그램 #카페디저트 #카페맛집 #카페인충전 #예쁜카페 #감성카페 #카페투어 #크리커카페 #카페맛집 ,", , , , , , , , , , , , , , , 카페맛집"
https://www.instagram.com/p/CAmPUKGJGl9/,2020-05-25,"➖
기억수퍼 오늘도 오픈했어요:)
항상 찾아와주시는 직장인분들 정말 감사해요,, 모두 단골손님분들이 되주셔서
안부 물어봐주시고 기다려주셔서 항상 감사합니다 ♥️🥰
-
5/25
-레몬파운드케이크
-흑임자케이크
-쑥인절미마들렌
-초코마들렌
-레몬마들렌
-
날씨 좋아요🥰
오늘도 좋은 하루 보내세요=)
•
#기억수퍼 #횡성카페 #횡성 #복합문화공간 🤎 @memory.super #횡성카페 #카페 #횡성군 #감성카페 #북카페 #횡성감성카페 #횡성가볼만한곳 #횡성맛집 #라키비움 #마들렌 #디저트 #신상카페 #생딸기라떼 #원주카페 #춘천카페 #제천카페 #강릉카페 #드라이브카페 #공간대여 #휘낭시에 #골목카페 #동네카페 ",", , , 복합문화공간, 횡성카페, 카페, 횡성군, 감성카페, 북카페, 횡성감성카페, 횡성가볼만한곳, 횡성맛집, 라키비움, 마들렌, 디저트, 신상카페, 생딸기라떼, 원주카페, 춘천카페, 제천카페, 강릉카페, 드라이브카페, 공간대여, 휘낭시에, 골목카페, 동네카페"
https://www.instagram.com/p/CAmPRM8hCK4/,2020-05-25,"⠀
SNS마케팅 솔루션 ""라온스타""
⠀
▶ 팔로워 / 좋아요 증가
▶ 계정상승 / 효과적 소통
▶ 인기게시물 / 인지도 상승
▶ 최적화 계정 / 상위노출
⠀
* 라온스타와 함께하면! *
1. 회원가입시 2000원 포인트
2. 상품구입시 1%적립
3. 후기남기면 1000원 포인트
⠀
* 홈페이지 : http://raonstar.kr
⠀
#라온스타 #한국인팔로워
#좋아요늘리는법 #감성카페
#인스타팔로우늘리기
#실제팔로워 #안경추천
#네일아트잘하는집 #즐거운
#선팔하면맞팔 #마카롱카페
#기분좋은날 #타투잘하는곳
#힐링 #소통환영 #이벤트참여
#오정동네일샵 #부산헬스
#출산준비물 #대구타투
#창원미용실 #춘천네일샵
#제주마카롱 ","라온스타, 한국인팔로워, 좋아요늘리는법, 감성카페, 인스타팔로우늘리기, 실제팔로워, 안경추천, 네일아트잘하는집, 즐거운, 선팔하면맞팔, 마카롱카페, 기분좋은날, 타투잘하는곳, 힐링, 소통환영, 이벤트참여, 오정동네일샵, 부산헬스, 출산준비물, 대구타투, 창원미용실, 춘천네일샵, 제주마카롱"
https://www.instagram.com/p/CAmPPJvgoIi/,2020-05-25,"카페 같은 건물 4층 가파른 계단을 오르면 숍이 나온다.
빛이 너무 찬란히 들이친다. 홀린 듯이 구경을 마치고, 어쩜 때마침 필요했던(?) 치약과 페이퍼인센스를 구매했다.
환경을 생각하는 슬로건이 마음에 든다.

기분 좋게 내려오는데 가파른 계단에서 미끄러졌다. “웃기고 자빠졌네”라는 말을 그대로 일차원적으로 표현한 기분.
아픔과 즐거운 추억을 남기고 왔다

화장실 가려면 어쩔 수 없이 오르내려야 하는 계단이니 조심 또 조심! @illstayforawhile
#내가머물던곳 #언더스테이티드 #understated
#마포카페 #공덕카페 #애오개역카페 #샵앤샵
#카페투어 #카페탐방 #카페추천 #카페스타그램 #커피맛집 #분위기좋은카페 #감성카페 #서울카페 #한국카페 #카페인테리어 #cafetour #seoulcafe #cafestagram ","내가머물던곳, 언더스테이티드, understated, 마포카페, 공덕카페, 애오개역카페, 샵앤샵, 카페투어, 카페탐방, 카페추천, 카페스타그램, 커피맛집, 분위기좋은카페, 감성카페, 서울카페, 한국카페, 카페인테리어, cafetour, seoulcafe, cafestagram"
https://www.instagram.com/p/CAmPEgCgKvD/,2020-05-25,"#루즈카페 #신메뉴
눈/간건강, 혈관건강, 고혈압, 당뇨예방에 좋은 장수식품 #구기자라떼 입니다😊
.
.
.
.
.
#luzcafethe3rdplace #춘천가볼만한곳 #춘천여행 #춘천신상카페 #신상카페 #카페스타그램 #카페 #제3의공간 #the3rdplace #the3rd #luz #cafe #luzcafe #춘천 #춘천카페 #커피 #카페추천 #소양강카페 #소양강 #소양강맛집 #춘천맛집 #우두동 #우두동카페 #감성카페 #리버뷰 #테라스카페 #분위기좋은카페 ","루즈카페, 신메뉴, 구기자라떼, luzcafethe3rdplace, 춘천가볼만한곳, 춘천여행, 춘천신상카페, 신상카페, 카페스타그램, 카페, 제3의공간, the3rdplace, the3rd, luz, cafe, luzcafe, 춘천, 춘천카페, 커피, 카페추천, 소양강카페, 소양강, 소양강맛집, 춘천맛집, 우두동, 우두동카페, 감성카페, 리버뷰, 테라스카페, 분위기좋은카페"
https://www.instagram.com/p/CAmO7Tjnc9E/,2020-05-25,".
.
맛있는 스타우트를 만드는 웨스트브룩.
.
작년 인기 있었던 8주년 기념 맥시칸 피칸 케익에 이어.
.
9주년 기념 피넛 버터 초콜렛.
.
NOW ON TAP!.
.
.
#온더바 #다이닝바 #평리단길의시작과끝 #감성카페 #구움과자 #수제맥주 #와인 #몰트위스키 ","온더바, 다이닝바, 평리단길의시작과끝, 감성카페, 구움과자, 수제맥주, 와인, 몰트위스키"
https://www.instagram.com/p/CAmOyDyhtKc/,2020-05-25,어스에서 PARTY🎂 #의정부 #의정부카페 #카페 #cafe #감성카페 #의정부맛집 #의정부술집 #의정부핫플 #의정부케이크 #의정부시내카페 #의정부역카페 #의정부대관 #카페대관 #의정부카페추천 ,"의정부, 의정부카페, 카페, cafe, 감성카페, 의정부맛집, 의정부술집, 의정부핫플, 의정부케이크, 의정부시내카페, 의정부역카페, 의정부대관, 카페대관, 의정부카페추천"
https://www.instagram.com/p/CAmOuD6AeYc/,2020-05-25,"꿀잠자고 일어나 처음 마주하는 풍경 🌲🌲🌳🌳~~
.
.💛 사진속이미지 #감성카라반스테이 (에그실내)~~
.
. ➡️➡️ 예약문의는 프로필에 기재되어 있는 ""홈페이지"" 에서~~
. ➡️➡️ 전화문의는 ☎️ 010.6539.9119 ~~
.
. 👉 #평일캠핑 으로 많이 찾아주시는 요즘입니다~
. 👉 #평일여행 #평일캠퍼 님들의 ""쉼""을 응원해요~
.
.❤#감성카라반스테이#라면먹고갈래요 #불멍과함께라면 #캠핑스테이 는 전화문의 주세요(010.6539.9119)
.❤#오토캠핑 은 네이버카페(황금박쥐캠핑장~실시간예약)으로 부탁드려요
.
.#황금박쥐캠핑장 #춘천캠핑장 #홍천캠핑장
.#카페458 #cafe458 #홍천예쁜카페 #춘천여행 .#감성카페#춘천여행 #홍천여행 #홍천가볼만한곳 💛💛🌲🌲🌳🌳🌸🌸❤❤ @cafe_458 #커플여행#우정여행#카라반글램핑#감성글램핑#럭셔리글램핑#핫플 ","감성카라반스테이, 평일캠핑, 평일여행, 평일캠퍼, 감성카라반스테이, 라면먹고갈래요, 불멍과함께라면, 캠핑스테이, 오토캠핑, 황금박쥐캠핑장, 춘천캠핑장, 홍천캠핑장, 카페458, cafe458, 홍천예쁜카페, 춘천여행, 감성카페, 춘천여행, 홍천여행, 홍천가볼만한곳, 커플여행, 우정여행, 카라반글램핑, 감성글램핑, 럭셔리글램핑, 핫플"
https://www.instagram.com/p/CAmOpsunmIe/,2020-05-25,"#꽃써니의소확행
제주3일째 , 오늘도 여행중 #여행 #일상 #좋아요 #소통 #여행스타그램 #여행에미치다 #사진 #일상스타그램 #스냅 #제주 #보롬왓 #카페 #감성카페 #카페투어 #휴일 #휴무 #ootd #dailylook #daily #selfie #selca #선팔 #맞팔 #팔로우 #팔로잉 #좋반 #좋아요반사 #좋테 #좋반테러 💗 ❤️ ","꽃써니의소확행, 여행, 일상, 좋아요, 소통, 여행스타그램, 여행에미치다, 사진, 일상스타그램, 스냅, 제주, 보롬왓, 카페, 감성카페, 카페투어, 휴일, 휴무, ootd, dailylook, daily, selfie, selca, 선팔, 맞팔, 팔로우, 팔로잉, 좋반, 좋아요반사, 좋테, 좋반테러"
https://www.instagram.com/p/CAmOmjjjpyu/,2020-05-25,#제주도 #소길리 #감성카페 #골목카페옥수 #제주여행중 #꿀휴가 #잘생긴멍뭉이 #다음에다시와야지 ,"제주도, 소길리, 감성카페, 골목카페옥수, 제주여행중, 꿀휴가, 잘생긴멍뭉이, 다음에다시와야지"
https://www.instagram.com/p/CAmObm4lKVY/,2020-05-25,"네이버 간식 베스트 1위에 달스푼이 올라갔어요!!🥳
감사합니다❤️
더 맛있는 쿠키로 보답하겠습니다😊
네이버 스토어 링크는 프로필에 있습니다. 🍪 @moon_spoon4 @moon_spoon4 #울산맛집 #울산카페 #울산카페추천 #울산가볼만한곳 #울산쿠키맛집 #울산쿠키 #북구카페 #연암동 #연암동맛집 #연암동카페 #화봉동 #화봉동맛집 #화봉동카페 #감성카페 #울산감성카페 #북구감성카페 #감성카페추천 #카페투어 #카페탐방 #카페탐방추천 #카페투어추천 #다락방 #다락방카페 #쿠키맛집 #쿠키맛집추천 #쿠키추천 #달스푼 ","울산맛집, 울산카페, 울산카페추천, 울산가볼만한곳, 울산쿠키맛집, 울산쿠키, 북구카페, 연암동, 연암동맛집, 연암동카페, 화봉동, 화봉동맛집, 화봉동카페, 감성카페, 울산감성카페, 북구감성카페, 감성카페추천, 카페투어, 카페탐방, 카페탐방추천, 카페투어추천, 다락방, 다락방카페, 쿠키맛집, 쿠키맛집추천, 쿠키추천, 달스푼"
https://www.instagram.com/p/CAmObpBAtTW/,2020-05-25,"테린느 3종 (말차. 크림치즈. 초코)🍵🧀🍫
⠀
테린느는 구움과자임에도 불구하고 밀가루는
하나도 들어가지않고! :-)⠀
초콜릿과 생크림으로만 재료 본연의 맛을 살리는데
최선을 다했어요!!
⠀
꾸덕하고 진하지만 달지않아요 🧡
⠀
꼭 드셔보세요 😮 후회안하세요 !
( 최애 크림치즈로 바뀜,, 구울때마다 다른걸로 바뀜,,🦅 )
⠀
🏷 월요일도 sweet stay day💗 💗 @__s.t.a.y #왜관카페 #왜관마카롱 #디저트카페 #대구근교카페 #대구근교 #구미근교 #구미근교카페 #왜관맛집 #마카롱맛집 #디저트샵 #감성카페 #구움과자 #구움과자맛집 #감성 #소통 #왜관
#대구 #구미 #김천 #마카롱 #stay #스테이 #카페스테이 #왜관스테이 #테린느 #초코테린느 #말차테린느 #크림치즈테린느 ","왜관카페, 왜관마카롱, 디저트카페, 대구근교카페, 대구근교, 구미근교, 구미근교카페, 왜관맛집, 마카롱맛집, 디저트샵, 감성카페, 구움과자, 구움과자맛집, 감성, 소통, 왜관, 대구, 구미, 김천, 마카롱, stay, 스테이, 카페스테이, 왜관스테이, 테린느, 초코테린느, 말차테린느, 크림치즈테린느"
https://www.instagram.com/p/CAmOYSenngS/,2020-05-25,#낫배드 #NOTBAD ☕️ @kmkaang #망원동카페 #서울카페 #카페투어 #감성카페 #인테리어 #카페인테리어 #cafe #seoulcafe #koreacafe #cafetour #interior #cafeinterior #km망원 ,"낫배드, NOTBAD, 망원동카페, 서울카페, 카페투어, 감성카페, 인테리어, 카페인테리어, cafe, seoulcafe, koreacafe, cafetour, interior, cafeinterior, km망원"
https://www.instagram.com/p/CAmNcDLBsYu/,2020-05-25,"상쾌하고 선선한 #월요일
#에티오피아예가체페

#매일다른싱글오리진 #필터커피
#커피3 #오늘의커피 #로스팅#로스터리카페#아이스커피#커피나무 #coffee3#안산카페#감성카페#로스터리카페#화랑유원지카페#경기도미술관맛집#고잔동카페#고잔동맛집#화정천카페#안산핸드드립카페#안산커피맛집#커피스타그램#바리스타그램#카페그램#안산카페투어 ","월요일, 에티오피아예가체페, 매일다른싱글오리진, 필터커피, 커피3, 오늘의커피, 로스팅, 로스터리카페, 아이스커피, 커피나무, coffee3, 안산카페, 감성카페, 로스터리카페, 화랑유원지카페, 경기도미술관맛집, 고잔동카페, 고잔동맛집, 화정천카페, 안산핸드드립카페, 안산커피맛집, 커피스타그램, 바리스타그램, 카페그램, 안산카페투어"
https://www.instagram.com/p/CAmJnvfFFcc/,2020-05-25,"2020.05.25~2020.05.28
A trip to Jeju Island . With friend @cells__0
#instagram #instagood #instalike #instadaily #follow #followme #followforfollow #follow4follow #likeforelike #like4like #likeforfollow #like4follow #selfie #daily #ootd #인스타그램 #셀스타그램 #좋아요 #좋아요반사 #맞팔 #감성카페 #인친 #오오티디 #데일리 #카페 #일상 #일상스타그램 #소통 #제주 이야 재밋겟네 @sunghun__ 형 다녀올게요 ㅎㅎ ","instagram, instagood, instalike, instadaily, follow, followme, followforfollow, follow4follow, likeforelike, like4like, likeforfollow, like4follow, selfie, daily, ootd, 인스타그램, 셀스타그램, 좋아요, 좋아요반사, 맞팔, 감성카페, 인친, 오오티디, 데일리, 카페, 일상, 일상스타그램, 소통, 제주"
https://www.instagram.com/p/CAmIHm0B6Lv/,2020-05-25,"어김없이 힘겨운 월요일이 찾아왔어요 ✨
청량한 청포도에이드로 한 주 시원하게 맞이해요
ღ저희 음료들 예쁘게 찍어서 공유해주세요ღ 🍮🍮🍮🍮🍮 @cafe_1nb #인천#부평#청천동#카페#인천카페#부평카페#청천동카페#감성카페#카페추천#예쁜카페#카페스타그램#카페투어#데이트코스#인천데이트#부평데이트#인천여행#아메리카노#아인슈페너#코코넛커피스무디#스모어딥#카페이른비#비오는날#데일리#instadaily#instagram#일상#일상스타그램#힐링 ","인천, 부평, 청천동, 카페, 인천카페, 부평카페, 청천동카페, 감성카페, 카페추천, 예쁜카페, 카페스타그램, 카페투어, 데이트코스, 인천데이트, 부평데이트, 인천여행, 아메리카노, 아인슈페너, 코코넛커피스무디, 스모어딥, 카페이른비, 비오는날, 데일리, instadaily, instagram, 일상, 일상스타그램, 힐링"
https://www.instagram.com/p/CAmFDK3DBbK/,2020-05-25,"#카페섬수
월요일 열려있어요👌
.
✌️ #전라감영카페 #전라감영 #전주브런치카페 #브런치카페 #전주가볼만한곳 #전주카페추천 #전주카페 #전주 #객리단길맛집 #전주여행 #전라감영맛집 #웨딩의거리카페 #전주핫플레이스 #객리단길카페 #전주디저트카페 #객리단길 #전주한옥마을 #한옥마을 #웨딩거리 #전주한옥마을카페 #전주한옥마을맛집 #객사 #감성카페 #데일리 #전주프렌치토스트 #전주피크닉 #피크닉 #홈브런치 ","카페섬수, 전라감영카페, 전라감영, 전주브런치카페, 브런치카페, 전주가볼만한곳, 전주카페추천, 전주카페, 전주, 객리단길맛집, 전주여행, 전라감영맛집, 웨딩의거리카페, 전주핫플레이스, 객리단길카페, 전주디저트카페, 객리단길, 전주한옥마을, 한옥마을, 웨딩거리, 전주한옥마을카페, 전주한옥마을맛집, 객사, 감성카페, 데일리, 전주프렌치토스트, 전주피크닉, 피크닉, 홈브런치"
https://www.instagram.com/p/CAlyMy0F2cq/,2020-05-25,이거 진짜 쌍콤해 🍋🍏🍐 좋반 후 댓삭 부탁드려요❤️ 🍍 @__sooou #일상 #daily #일상스타그램 #인친 #소통해요 #감성 #소통 #좋아요 #맞팔 #선팔 #선팔하면맞팔 #맞팔해요 #선팔맞팔 #좋반 #좋아요반사 #f4f #fff #flf #l4l #lfl #lll #팔로미 #팔로우 #follow4follow #like4likes #followforfollowback #감성카페 #먹스타그램 #카페투어 #사진맛집 ,"일상, daily, 일상스타그램, 인친, 소통해요, 감성, 소통, 좋아요, 맞팔, 선팔, 선팔하면맞팔, 맞팔해요, 선팔맞팔, 좋반, 좋아요반사, f4f, fff, flf, l4l, lfl, lll, 팔로미, 팔로우, follow4follow, like4likes, followforfollowback, 감성카페, 먹스타그램, 카페투어, 사진맛집"
https://www.instagram.com/p/CAlyGh9Fn65/,2020-05-25,".
카페 루미에르
🗺대구 중구 봉산문화길 80
⏰11:00 - 22:00
봉산문화거리 핫플은 여기지❤
디저트가 어떻게 이렇게 이쁘게 생겼는지ㅠㅠ
카페가서 식사한날 🤭 여기 청포도 크로플 안먹으면 후회함
👏해당 게시물은 더핫플 페이지에서 제공받아 체험 후 솔직하게 작성된 리뷰입니다. . @youngju011115 #food #cooking #drink #오늘도화이팅 #예쁜카페 #감성카페 #창원카페 #instafood #카페탐방 #카페 #맛있다그램 #일상소통 #카페그램 #instacoffee #수원카페 #카페투어 #하루스타그램 #foodpics #daily #카페추천 #청주카페 #일상기록 #인친환영 #소통스타그램 #coffee #café #굿모닝 #맛스타그램 #cafe #점심추천 달달구리하네 ㅋㅋㅋ @ijihyeon195 우앗!! 언니닷 ummm YES PLEASE😛 ","food, cooking, drink, 오늘도화이팅, 예쁜카페, 감성카페, 창원카페, instafood, 카페탐방, 카페, 맛있다그램, 일상소통, 카페그램, instacoffee, 수원카페, 카페투어, 하루스타그램, foodpics, daily, 카페추천, 청주카페, 일상기록, 인친환영, 소통스타그램, coffee, caf, 굿모닝, 맛스타그램, cafe, 점심추천"
https://www.instagram.com/p/CAk3OvDJTpX/,2020-05-24,at night 단발이뻐요❤️ @yeon9637 감사합니당😊😊 오랜만이네💛 @nangkong_31 히히 ㅁㅊ 이거 레게노 @seo._.hs 헐 갬시갬시😉 누구야...? @min_ju0727 이쁘니 #맞팔 #맞팔해요 #맞팔환영🙌 #맞팔환영 #선팔맞팔 #선팔맞팔환영 #맞팔선팔 #맞팔선팔환영 #ffff #mood #f4f #like4likes #likeforlikeback #likeforlikes #likeforlike #like4like #likeforfollow #likeforfollowback #ootd #오오티디 #패션 #좋반 #좋반환영 #좋아요반사 #좋아요반사환영 #감성 #좋아요반사테러 #감성카페 #daily #데일리 ,"맞팔, 맞팔해요, 맞팔환영, 맞팔환영, 선팔맞팔, 선팔맞팔환영, 맞팔선팔, 맞팔선팔환영, ffff, mood, f4f, like4likes, likeforlikeback, likeforlikes, likeforlike, like4like, likeforfollow, likeforfollowback, ootd, 오오티디, 패션, 좋반, 좋반환영, 좋아요반사, 좋아요반사환영, 감성, 좋아요반사테러, 감성카페, daily, 데일리"
https://www.instagram.com/p/CAkore3AXWv/,2020-05-24,"제주도 갔다옴🍊
-
-
-
-
-
-
-
#대구 #카페 #앞산카페 #일상 #소통 #선팔 #맞팔 #좋반 #첫줄 #인친 #좋아요 #팔로우 #감성 #분위기 #대구핫플 #카페투어 #오오티디 #데일리룩 #팔로우미 #삼덕동카페 #선팔하면맞팔 #감성카페 #instagood #selfie #selca #daily #mood #ootd #l4l #f4f 구라치네 @daengyun_e 진짜야 ~~ 누가 찍었냐 @wo_oyy 바로 바로 너 🖤 ",", , , , , , , , , , , , , , , , , , , , , , instagood, selfie, selca, daily, mood, ootd, l4l, f4f"
https://www.instagram.com/p/CAkYawFldqX/,2020-05-24,핑크하늘 넘 예뻐 ♥︎ ♥︎ ,
https://www.instagram.com/p/CAkK7rcnHux/,2020-05-24,".
#애견스타그램#댕댕이
#대형견
#테라스 🌷🌲🌻
#조명 💡🕯🏮
#미니정원
#생화
#포토존 📷📸
#죽전카페거리
#보정동카페거리
#데일리
#디저트 🥞🍪🍰☕
#카페스타그램
#카페투어
#용인카페
#감성카페
#애견동반카페 🐶🐕🐩🦊
#노네임드카페
#nonamedcafe ","애견스타그램, 댕댕이, 대형견, , , , , , , , , , , , , , , , nonamedcafe"
https://www.instagram.com/p/CAfLSpeFiKv/,2020-05-22,"💙 - @hyun_yeon #데일리#일상#맞팔#좋반#좋아요테러#좋아요테러반사#좋테#카페#카페추천#가오픈카페
#홍대카페#이태원카페#합정카페#연남동카페#연희동카페#을지로카페#한남동카페#coffee#cafe#바리스타
#카페투어#커피#핸드드립#감성카페#힙한카페#카투#コーヒー#디저트카페 갬성있는 “척” 하네 승현이 @j_hyun____2 척이라니 한 갬성 하는데 ","데일리, 일상, 맞팔, 좋반, 좋아요테러, 좋아요테러반사, 좋테, 카페, 카페추천, 가오픈카페, 홍대카페, 이태원카페, 합정카페, 연남동카페, 연희동카페, 을지로카페, 한남동카페, coffee, cafe, 바리스타, 카페투어, 커피, 핸드드립, 감성카페, 힙한카페, 카투, , 디저트카페"
https://www.instagram.com/p/CAfKm7vncY5/,2020-05-22,"하트코인목걸이 / 시트린원석목걸이💛
14k/18k Gold. 오직 베리에 자체제작 주얼리 입니다.
-
ps) 팔찌 문의 많이 주시는데 준비중이에요👀 ✨ @variejewelry #데일리 #데일리룩 #14k #코인목걸이 #소통 #맞팔 #맞팔환영 #원석목걸이 #14k코인목걸이 #주얼리공구 #14k원석목걸이 #직장인 #육아맘 #fff #ootd #follow #daily #좋아요반사 #팔로우 #셀피 #14k목걸이 #likelike #인친 #소통 #f4f #오오티디 #젊줌마 #하트목걸이 #14k하트목걸이 #카페투어 #감성카페 ","데일리, 데일리룩, 14k, 코인목걸이, 소통, 맞팔, 맞팔환영, 원석목걸이, 14k코인목걸이, 주얼리공구, 14k원석목걸이, 직장인, 육아맘, fff, ootd, follow, daily, 좋아요반사, 팔로우, 셀피, 14k목걸이, likelike, 인친, 소통, f4f, 오오티디, 젊줌마, 하트목걸이, 14k하트목걸이, 카페투어, 감성카페"
https://www.instagram.com/p/CAeaz6gA4Cn/,2020-05-22,"-
♡̷̷̷ 카메라에 담아볼까 예쁘게 ♡̷̷̷ 오늘은 깔끔👍 @064_steady 깔끔한가욥ㅋㅋ😛 오~비줠 완전 좋은데요ㅎ @choihm0504 카페도 예쁘고, 커피두 예뻐요 ㅎㅎ 비비크림 빠빠빠 립스틱을 뫔뫔뫔 @suyeon._.529 여윽시!! 탱크팸 뭉처😆 꺅 안경기요오❣️ @ddonigram 히히 또니😛 우아 장난아닌데용 비쥬얼👍 @sjsj1225 예쁘죠!😆 #🖤 @jaengsta daily #cafe #일상 #카페 #송파역 #송파카페 #송리단길 #잠실카페 #잠실 #디저트 #카페스타그램 #카페투어 #가오픈카페 #신상카페 #온더테이블 #서울카페 #seoulcafe #onthetable #like4likes #f4f #소통 #팔로우 #좋아요반사 #맞팔 #선팔 #cafepress #감성카페 #갬성카페 디엠 확인 해주세요 ♥️ ",", cafe, 일상, 카페, 송파역, 송파카페, 송리단길, 잠실카페, 잠실, 디저트, 카페스타그램, 카페투어, 가오픈카페, 신상카페, 온더테이블, 서울카페, seoulcafe, onthetable, like4likes, f4f, 소통, 팔로우, 좋아요반사, 맞팔, 선팔, cafepress, 감성카페, 갬성카페"
https://www.instagram.com/p/CAJvGcgHpmK/,2020-05-14,꾸준한 인기💛❤️ VARIE(14k/18k gold) @variejewelry #데일리 #데일리룩 #14k반지 #14k묵주반지 #묵주반지 #소통 #맞팔 #맞팔환영 #럽스타그램 #14k반지 #주얼리공구 #직장인 #육아맘 #fff #ootd #follow #daily #좋아요반사 #팔로우 #셀피 #likelike #인친 #소통 #우정반지 #f4f #오오티디 #젊줌마 #귀걸이 #빈티지무드 #감성카페 #카페투어 너무이쁘네용 ( •̀.̫•́)✧ @7bl_ling_e 감사합니다🙏🏻🙏🏻 👏 @yg.kim_1031 박수?👍 ,"데일리, 데일리룩, 14k반지, 14k묵주반지, 묵주반지, 소통, 맞팔, 맞팔환영, 럽스타그램, 14k반지, 주얼리공구, 직장인, 육아맘, fff, ootd, follow, daily, 좋아요반사, 팔로우, 셀피, likelike, 인친, 소통, 우정반지, f4f, 오오티디, 젊줌마, 귀걸이, 빈티지무드, 감성카페, 카페투어"
https://www.instagram.com/p/CAmOiPwnfB8/,2020-05-25,".
#테라스 🌷🌲🌻
#조명 💡🕯🏮
#미니정원
#생화
#포토존 📷📸
#죽전카페거리
#보정동카페거리
#데일리
#디저트 🥞🍪🍰☕
#카페스타그램
#카페투어
#용인카페
#감성카페
#애견동반카페 🐶🐕🐩🦊
#노네임드카페
#nonamedcafe 와 남자친구가 용인에 사는데 강아지 데리고 꼭 가볼게요❤️🙂 ",", , , , , , , , , , , , , , , nonamedcafe"
https://www.instagram.com/p/CAmOfP4D0M3/,2020-05-25,"블루망고에이드♡

#카페354 #대구카페 #칠곡카페 #칠곡3지구카페
#읍내동카페 #cafe354 #커피맛집 #감성카페 ","카페354, 대구카페, 칠곡카페, 칠곡3지구카페, 읍내동카페, cafe354, 커피맛집, 감성카페"
https://www.instagram.com/p/CAmOJK1hXBk/,2020-05-25,이번엔 작약을 사보았어욘🥰 아직 몽글몽글(?)한 덜 핀 작약들이라 그나마 핀 작약😘 넘나 이쁘죠(๑ºั ³ ˘๑)♥ #신용산카페#한강로카페#용산카페#카페스타그램#카페#cafe#coffee#일상#한강로#메르시쿠키#mercicookie#디저트#dessert#데일리그램#디저트맛집#딸기#케이크#cake#카페투어#커피#커피스타그램#신상카페#감성카페#르뱅쿠키#기념일디저트#타르트#이촌동#동부이촌동#이촌동카페#맞팔 맞팔해용 ,"신용산카페, 한강로카페, 용산카페, 카페스타그램, 카페, cafe, coffee, 일상, 한강로, 메르시쿠키, mercicookie, 디저트, dessert, 데일리그램, 디저트맛집, 딸기, 케이크, cake, 카페투어, 커피, 커피스타그램, 신상카페, 감성카페, 르뱅쿠키, 기념일디저트, 타르트, 이촌동, 동부이촌동, 이촌동카페, 맞팔"
https://www.instagram.com/p/CAmN6xwhFSL/,2020-05-25,"🌈🌈🌈
. 👉🏻마카롱
🍬밀크촉촉
🍬가나슈
🍬또바기카페모카
🍬솔티카라멜
🍬와인무화과
🍬고소인절미
🍬황치즈
🍬상콤유자
🍬수제잼얼그레이
.
👉🏻스콘
🥖플레인
🥖화이초코말차콩고물
.
👉🏻디저트
🍬머랭쿠키
🍬꼬끄크러스트
🍬제리치즈케익 🌿🌿🌿 @ddobagi_cafe #또바기#ddobagi#또바기카페#동두천마카롱#지행마카롱#동두천카페#지행카페#동두천맛집#지행맛집#양주마카롱#의정부마카롱#옥정마카롱#동두천스콘#동두천마카롱배달 #이쁜카페#감성카페#마카롱맛집#뚱카롱#스콘#스콘맛집#여자친구선물#선물포장#마카롱선물#마카롱포장#기념일선물#여친#꼬끄크러스트#의정부스콘#옥정스콘#화이트데이선물 ","또바기, ddobagi, 또바기카페, 동두천마카롱, 지행마카롱, 동두천카페, 지행카페, 동두천맛집, 지행맛집, 양주마카롱, 의정부마카롱, 옥정마카롱, 동두천스콘, 동두천마카롱배달, 이쁜카페, 감성카페, 마카롱맛집, 뚱카롱, 스콘, 스콘맛집, 여자친구선물, 선물포장, 마카롱선물, 마카롱포장, 기념일선물, 여친, 꼬끄크러스트, 의정부스콘, 옥정스콘, 화이트데이선물"
https://www.instagram.com/p/CAmN6ZPFiPR/,2020-05-25,"실제 활동하는 인스타그램 한국인 팔로워, 좋아요를 무료로 늘릴 수 있습니다. 네이버 검색창에 ‘퍼니그램’을 검색하세요! @funnygram.life
#커피한잔 #서울카페 #카페그램 #울산카페 #제주도카페 #아이스커피 #연남동카페 #커피숍 #광주카페 #서면카페 #분위기좋은카페 #모닝커피 #감성카페 #신상카페 #커피맛집 #청주카페 #커피타임 #강남카페 #성수카페 #더치커피 ","커피한잔, 서울카페, 카페그램, 울산카페, 제주도카페, 아이스커피, 연남동카페, 커피숍, 광주카페, 서면카페, 분위기좋은카페, 모닝커피, 감성카페, 신상카페, 커피맛집, 청주카페, 커피타임, 강남카페, 성수카페, 더치커피"
https://www.instagram.com/p/CAmN53LDdOz/,2020-05-25,"꼬소한 3총사 나왔어요🥰
마니아층 정말 많은 쑥,인절미,흑임자😚
저희 할머니가👵정말 좋아하시는 맛이기도 해요. 여기다 군고구마 카스테라까지 더하면 무적의 4총사!!
🌷라인업🌷
✨인절미
✨상큼유자
✨요구르트
✨말차
✨죠리퐁
✨솔티 바닐라빈
✨바나나
✨카페모카
✨순수우유
✨흑임자
✨군고구마 카스테라
✨쑥
✨오레오
✨더블치즈
✨로투스
✨황치즈
✨복숭아 요거트
✨라즈베리 요거트
✨레드벨벳 크림치즈
✨돼지바
✨벚꽃 딸기우유
✨초코나무숲
✨쿠쿠다스 바닐라빈
🍰딸기케익
🍰오레오 타르트
🍰뉴욕치즈케익
🍰초코생크림케익
🥤밀크티보틀
🥨크래커머랭
🍿꼬끄쫀드기
.
.
.
.
#카페사월#익산카페#마카롱카페#인절미마카롱#영등동카페#카페스타그램#디저트카페#월요일#당충전#햇살#맛집#핫플#데이트#대학로#좋아요#흑임자#쑥#뚱카롱#전북#카페투어#카페추천#감성카페#익산가볼만한곳 #cafe#coffee#cafestagram #macarons#koreacafe#koreamacaron #달콤 ","카페사월, 익산카페, 마카롱카페, 인절미마카롱, 영등동카페, 카페스타그램, 디저트카페, 월요일, 당충전, 햇살, 맛집, 핫플, 데이트, 대학로, 좋아요, 흑임자, 쑥, 뚱카롱, 전북, 카페투어, 카페추천, 감성카페, 익산가볼만한곳, cafe, coffee, cafestagram, macarons, koreacafe, koreamacaron, 달콤"
https://www.instagram.com/p/CAmN5K7Firr/,2020-05-25,"날씨도 흐리고
머릿속도 흐린 #월요일 🤍
.
.
.
.
#일상#데일리#우리동네#감성카페#그래도달#청주카페
#죽림동카페#소금모카라떼#아아#오렌지쥬스#호로록
#지난카페#지난사진#디데이2일#걱정걱정#감성#사진
#좋아요#카페스타그램 ",", , , , , , , , , , , , , 지난사진, , , , , , "
https://www.instagram.com/p/CAmN4Ddn_g-/,2020-05-25,월요일이지만 나무그늘밑에서 콧바람쐬며 노는즁(ˇ͈ᵕˇ͈) 나른나른해 보여요 🙊💛 여유로워보여용❤️ 일상소통하며 지내구싶어용 맞팔해요🙈 포근포근 여유로워보여요💓 월요일날 노는게 제일 재밌죠😆♥️ 이양 평일의 여유라니 넘 부로오요😍 저도 여유있게 엄마랑 데이투 ❤️❤️ 좋은 하루되셔용 나른나른 잠도 솔솔 올꺼 같아용🤭💛 으앙 너무 부러워요ಥ_ಥ 우와~ 저는 사무실이지만 사진으로 대리 힐링😍 끄앙 저두 일하고있어 사진보니 뛰쳐나가고 싶네여 ㅋㅋㅋㅋ 사진만봐도 어떤기분인지 느껴져용 ㅠ 그늘아래서 ~~~ 좋아요😊 ,
https://www.instagram.com/p/CAmN0mbpziA/,2020-05-25,"⠀
여러분 월요팅👊
.
.
.
.
#카페 #카페1 #카페넘버스1 #cafe #cafe1 #cafenumbers1 #카페스타그램
#감성카페 #신상카페 #피규어카페 #마블카페
#레고카페 #성내동카페 #둔촌동카페
#달고나 #달고나커피 #달고나라떼 #달고나밀크티 #달고나맛집 #소금커피 #커피 #☕️ #월요일 #월요팅 ","카페, 카페1, 카페넘버스1, cafe, cafe1, cafenumbers1, 카페스타그램, 감성카페, 신상카페, 피규어카페, 마블카페, 레고카페, 성내동카페, 둔촌동카페, 달고나, 달고나커피, 달고나라떼, 달고나밀크티, 달고나맛집, 소금커피, 커피, , 월요일, 월요팅"
https://www.instagram.com/p/CAmN0MMFg1z/,2020-05-25,"#남해 #콩반쪽애
조용해서 더 좋았던 숲속같은 카페 💚 💚 @ey__vely #먹스타그램 #맛스타그램 #빵스타그램 #남해카페 #남해카페추천 #신상카페 #감성카페 #인테리어 #온더테이블 #먹방 #맛집 #카페 #카페투어 #카페추천 #디저트 #일상 #데일리 #소통 #좋아요 #flf #l4l #dessert #food #cafe #daily @ey__vely #02_남해 보기만 해도 따스한 공간이쟈냐요💛💚 그와중에 카페 이름 엄청 귀엽구 난리 콩반쪽애!🍀 ","남해, 콩반쪽애, 먹스타그램, 맛스타그램, 빵스타그램, 남해카페, 남해카페추천, 신상카페, 감성카페, 인테리어, 온더테이블, 먹방, 맛집, 카페, 카페투어, 카페추천, 디저트, 일상, 데일리, 소통, 좋아요, flf, l4l, dessert, food, cafe, daily, 02"
https://www.instagram.com/p/CAmNyBogBKe/,2020-05-25,"🧡5/25(월) 프로그램🧡
⠀
☑️물감놀이 (40분) 16,000원
☑️바람놀이 (40분) 20,000원
☑️보호자 입장료 3,000원
⠀
⠀
코로나바이러스 확산으로 인해 이용에 불안함을 느끼실꺼라 생각하여 3명이상 모여서 예약해주시면 단독으로 진행하고 있습니다.
010-2943-9297로 문의주세요😀
⠀
⠀
예약시스템(프로필링크 클릭)에서 시간표 확인 시 예약가능인원수 및 예약된 인원 확인이 더 간편합니다.
⠀
✔️예약방법
프로필 링크 클릭 -> 회원가입 및 자녀등록 -> 예약하고싶은 날짜, 시간 선택 -> 입금 -> 마이페이지에서 예약 확인
⠀
* 예약하실 날짜와 시간을 선택해주신 후에 1회권 또는 회원권을 선택해주시면 입금 요청 문자가 발송됩니다. 문자에 적힌 계좌로 입금 해주신후 예약이 확정됩니다.
⠀
✔️예약 확정 문자를 받은 경우에만 예약이 완료된 경우이니 확인 부탁드립니다!
⠀
* 문의사항 : 010-2943-9297
* 예약가능시간 : 9시~21시
* 회원권의 경우 적립금이 차감됩니다.
⠀
⠀
위치 : 경기도 용인시 수지구 대지로 58 선진포리스트 가동 204호
주차방법 : 건물 주차장 이용가능 (1시간 20분 무료, 공간이 많이 협소합니다)
⠀
⠀
#색놀이터 #색놀이터아트센터
#색놀이터코랄점 #죽전색놀이터 #색놀이터죽전점
#퍼포먼스미술 #키즈드로잉 #미술 #드로잉카페 #감성카페 #물감놀이 #드로잉 #미술체험 #용인맘 #죽전맘 # #수지맘 #광교맘 #판교맘 #분당맘 #성남맘 #육아 #소통 #엄마표미술놀이 #미술놀이 #감각놀이 #원데이클래스 #키즈카페 #키즈존 ","색놀이터, 색놀이터아트센터, 색놀이터코랄점, 죽전색놀이터, 색놀이터죽전점, 퍼포먼스미술, 키즈드로잉, 미술, 드로잉카페, 감성카페, 물감놀이, 드로잉, 미술체험, 용인맘, 죽전맘, , 수지맘, 광교맘, 판교맘, 분당맘, 성남맘, 육아, 소통, 엄마표미술놀이, 미술놀이, 감각놀이, 원데이클래스, 키즈카페, 키즈존"
https://www.instagram.com/p/CAmNpboJQrt/,2020-05-25,"<스튜디오 루아흐 2호점>
#체리코코
.
.
#studio_ruach 🌷 @studio_ruach #스튜디오 #스튜디오촬영 #빈티지스튜디오 #렌탈스튜디오 #감성스튜디오 #감성카페 #촬영스튜디오 #쇼핑몰스튜디오 #쇼핑몰촬영스튜디오 #자연광스튜디오 #자연광렌탈스튜디오 #셀프스튜디오 #파티룸 #파티룸렌탈 #잠실스튜디오 #송파스튜디오 #모임대관 #브라이덜샤워 #키친스튜디오 #스튜디오대관 #인테리어 #촬영스튜디오 #블로그마켓 #감성맛집 #화보촬영 #룩북촬영 #빈티지샵 #미드센츄리 #디터람스 ",", studio, 스튜디오, 스튜디오촬영, 빈티지스튜디오, 렌탈스튜디오, 감성스튜디오, 감성카페, 촬영스튜디오, 쇼핑몰스튜디오, 쇼핑몰촬영스튜디오, 자연광스튜디오, 자연광렌탈스튜디오, 셀프스튜디오, 파티룸, 파티룸렌탈, 잠실스튜디오, 송파스튜디오, 모임대관, 브라이덜샤워, 키친스튜디오, 스튜디오대관, 인테리어, 촬영스튜디오, 블로그마켓, 감성맛집, 화보촬영, 룩북촬영, 빈티지샵, 미드센츄리, 디터람스"
https://www.instagram.com/p/CAmNpebglxB/,2020-05-25,"안녕 댕댕이?
계속 쳐다보니 부담 시럽구낭😆
아침과 달리 날씨가 좋아졌어요!
디저트 나왔습니당
.
.
🍪오늘의 라인업
- 호두강정
- 찰고구마빵
- 에그타르트
- 머랭쿠키
- 버터생크림스콘
- 리얼초코칩쿠키
- 초코쿠키
- 오레오쿠키
- 초코파운드
- 말차파운드
- 레몬파운드
- 베리파운드 .
.
🛎 문의
- 카톡 플러스 친구 - 청채움
- 다이렉트 010.8870.6283
디엠은 시간이 좀 걸릴수 있습니다.
.
.
.
.

#수제청 #디저트 #베이킹 #찰고구마빵 #성주맛집 #성주카페 #온더테이블 #대구맘 #구미맘 #워킹맘 #육아소통 #일상 #소통 #답례품 #선물추천 #고구마빵 #해남고구마빵 #감성카페 #고구마 #에그타르트 #대구맛집 #대구근교카페 #대구디저트 #디저트카페 #좋아요 #맞팔 #인스타푸드 #홈카페 #홈베이킹 #카페스타그램 디저트 하나 던져줘라 ㅋㅋㅋ 안주면 가게뛰쳐들어올 관상일세 개상이라캐야하나...... ","수제청, 디저트, 베이킹, 찰고구마빵, 성주맛집, 성주카페, 온더테이블, 대구맘, 구미맘, 워킹맘, 육아소통, 일상, 소통, 답례품, 선물추천, 고구마빵, 해남고구마빵, 감성카페, 고구마, 에그타르트, 대구맛집, 대구근교카페, 대구디저트, 디저트카페, 좋아요, 맞팔, 인스타푸드, 홈카페, 홈베이킹, 카페스타그램"
https://www.instagram.com/p/CAmNiv2J8ax/,2020-05-25,"월요일엔 여유롭게, #아아 한잔 호로로로록#🥤 #성북구카페#보문동맛집#성신여대카페 #성신여대핫플#고대카페 #안암카페 #핫플레이스#핫플카페#카페스타그램 #카페투어 #韓国カフェ #ソウルカフェ #cafestagram #seoulcafe #일상 #동대문카페 #대학로카페 #혜화카페#cafeamooh #스누피#스누피카페 #카페아무흐 #snoopy #snoopycafe #감성카페#셀카맛집#분좋카#애견동반카페 ","아아, , 성북구카페, 보문동맛집, 성신여대카페, 성신여대핫플, 고대카페, 안암카페, 핫플레이스, 핫플카페, 카페스타그램, 카페투어, , , cafestagram, seoulcafe, 일상, 동대문카페, 대학로카페, 혜화카페, cafeamooh, 스누피, 스누피카페, 카페아무흐, snoopy, snoopycafe, 감성카페, 셀카맛집, 분좋카, 애견동반카페"
https://www.instagram.com/p/CAmNZprAWo2/,2020-05-25,"ღ5월 25일 달아율 라인업 안내ღ
.
1주년 기념 이벤트는 오늘부터 시작됩니다
하나만 사도 하나 더 〰️
이 외에도, 추첨이벤트와 인스타그램 게시 이벤트도 준비되어있어요 많은 참여 부탁드려요 🙌🏻
✨ 오늘 오후 4시 랜선 1주년 파티가 있을 예정입니다 ✨
.
🤍 Macaron
✔️ 브라우니우유
✔️ 왕딸기요거트
✔️ 오레오
✔️ 요거트
✔️ 마약옥수수
✔️ 더위사냥
✔️ 치즈치즈
✔️ 바닐라
.
🤍 디저트
✔️ 꼬끄후레이크
.
🤍 음료
✔️ 레몬에이드
✔️ 달고나커피
+ 아아, 카페라떼 모두 가능합니다
.
#달아율#달아율마카롱 #산동 #확장단지 #달아율마카롱클래스 #원데이클래스 #구미맘 #산동맘 #확장단지맛집 #확장단지카페 #카페 #인테리어 #이벤트 #아메리카노 #에이드맛집 #감성카페 #구미감성카페 #구미카페 #구미산동카페 #마카롱카페 #마카롱맛집 #일상 #daily #마카롱케이크 #구미배달 #디저트 #구미마카롱배달 #구미케이크 #구미마카롱케이크 ","달아율, 달아율마카롱, 산동, 확장단지, 달아율마카롱클래스, 원데이클래스, 구미맘, 산동맘, 확장단지맛집, 확장단지카페, 카페, 인테리어, 이벤트, 아메리카노, 에이드맛집, 감성카페, 구미감성카페, 구미카페, 구미산동카페, 마카롱카페, 마카롱맛집, 일상, daily, 마카롱케이크, 구미배달, 디저트, 구미마카롱배달, 구미케이크, 구미마카롱케이크"
https://www.instagram.com/p/CAmNUmJHuff/,2020-05-25,고성가면 필수코스 🍃 ,
https://www.instagram.com/p/CAmNQo4AFHM/,2020-05-25,"편안한 ""쉼"" 과 ""여유"" 가 있는 선물같은 하루 🎁🎁~~
.
. ""카페"" 로 ""조식"" 가질러 오실때의 표정만봐도 알수있죠~~
. ""편하게 잘 주무셨어요??"" 여쭤보면~~
. 감사하게도 ""너무 잘 잤어요"" 이야기 해주신답니다~~
.
. 너무 꿀잠자서 ""조식"" 을 못드실뻔하시기도 😅😅~~
. 그래도 걱정하지 않으셔도 된답니다~~
. 정성껏 ""테이크 아웃"" 해드리니까요 ☕🥪🥣~~
.
. 💛💛사진속 이미지는 #감성카라반스테이 (에그)~~
. ➡️➡️ 예약문의는 프로필에 기재되어 있는 ""홈페이지"" 에서~~
. ➡️➡️ 전화문의는 ☎️ 010.6539.9119 ~~
.
.❤#감성카라반스테이#라면먹고갈래요 #불멍과함께라면 #캠핑스테이 는 전화문의 주세요(010.6539.9119)
.❤#오토캠핑 은 네이버카페(황금박쥐캠핑장~실시간예약)으로 부탁드려요
.
.#황금박쥐캠핑장 #춘천캠핑장 #홍천캠핑장
.#카페458 #cafe458 #홍천예쁜카페 #춘천여행 .#감성카페#춘천여행 #홍천여행 #홍천가볼만한곳 ☕☕🥪🥪🥣🥣💛💛🌲🌲🌳🌳 @cafe_458 #커플여행#우정여행#카라반글램핑#감성글램핑#럭셔리글램핑#핫플 ","감성카라반스테이, 감성카라반스테이, 라면먹고갈래요, 불멍과함께라면, 캠핑스테이, 오토캠핑, 황금박쥐캠핑장, 춘천캠핑장, 홍천캠핑장, 카페458, cafe458, 홍천예쁜카페, 춘천여행, 감성카페, 춘천여행, 홍천여행, 홍천가볼만한곳, 커플여행, 우정여행, 카라반글램핑, 감성글램핑, 럭셔리글램핑, 핫플"
https://www.instagram.com/p/CAmGwLsnY5p/,2020-05-25,"나만알고싶은곳 👀👀👀
.
.
.
#용인애견카페#대형견애견카페#감성카페#용인감성카페#골든리트리버 오딘데오딘데?? @chai_minji 민디야 쉿 비밀인데 @gaerinine_ 여기야👀👀 ","용인애견카페, 대형견애견카페, 감성카페, 용인감성카페, 골든리트리버"
https://www.instagram.com/p/CAl9Q29F1lT/,2020-05-25,"오늘도 로하합니댱•••🌷
사진은 아주 가아끔씩 나오는
쏠틔컈럐먤스코니예요 💁🏻‍♀️
단짠단짠 홀릭 🤎
다같이 오순도순 맛있는거 노나먹어요 !̆̈
👩🏻‍🍳
바스크치즈케이쿠
쑥갸또 | 말차갸또
얼그레이가나슈파운드케이크
흐김쟈가나슈파운드케이크
뚠뚠이쿠키 | 쏠틔컈럐먤스코니 | 에그타르트
ᴡɪᴛʜ 아스크림 콕!̆̈ ↓
초코브린느 | 말차브린느

𝐉𝐞𝐣𝐮 𝐜𝐚𝐟𝐞 𝐑𝐨𝐡𝐚 제주 카페 로하
ఇ 제주 서귀포시 성산읍 금백조로 87 ఇ
ᴀᴍ9:00 - ᴘᴍ7:00 🔥 @cafe.roha #카페로하 #제주 #제주도 #제주여행 #제주도여행 #제주맛집 #제주도맛집 #제주도민맛집 #제주카페추천 #제주도카페추천 #제주카페 #제주카페투어 #서귀포카페 #성산카페 #빛의벙커 #섭지코지 #백약이오름 #용눈이오름 #다랑쉬오름 #여행스타그램 #디저트카페 #카페탐방 #카페스타그램 #카페투어 #카페추천 #감성카페 #포토존 #좋아요반사 #첫줄반사 ","카페로하, 제주, 제주도, 제주여행, 제주도여행, 제주맛집, 제주도맛집, 제주도민맛집, 제주카페추천, 제주도카페추천, 제주카페, 제주카페투어, 서귀포카페, 성산카페, 빛의벙커, 섭지코지, 백약이오름, 용눈이오름, 다랑쉬오름, 여행스타그램, 디저트카페, 카페탐방, 카페스타그램, 카페투어, 카페추천, 감성카페, 포토존, 좋아요반사, 첫줄반사"
https://www.instagram.com/p/CAez8Volir-/,2020-05-22,"미키친구들세트
프로필링크 누르면 구매 가능해요♡ #daily#daliylook#데일리#데일리룩#일상#오오티티#ootd#스트라이프#followme#소통#맞팔#좋아요#선팔하면맞팔#소통해요#좋아요반사#부산##통영카페#감성카페#미키마우스#홍대#경주카페#대구카페#앞산카페#울산카페#단가라#트레이닝복#엘리제마켓#티셔츠#월요일#아이폰 ","daily, daliylook, 데일리, 데일리룩, 일상, 오오티티, ootd, 스트라이프, followme, 소통, 맞팔, 좋아요, 선팔하면맞팔, 소통해요, 좋아요반사, 부산, , 통영카페, 감성카페, 미키마우스, 홍대, 경주카페, 대구카페, 앞산카페, 울산카페, 단가라, 트레이닝복, 엘리제마켓, 티셔츠, 월요일, 아이폰"
https://www.instagram.com/p/CAezvk4lLVp/,2020-05-22,"미키친구들세트
프로필링크 누르면 구매 가능해요♡ #daily#daliylook#데일리#데일리룩#일상#오오티티#ootd#스트라이프#followme#소통#맞팔#좋아요#선팔하면맞팔#소통해요#좋아요반사#부산##통영카페#감성카페#미키마우스#홍대#경주카페#대구카페#앞산카페#울산카페#단가라#트레이닝복#엘리제마켓#티셔츠#월요일#아이폰 ","daily, daliylook, 데일리, 데일리룩, 일상, 오오티티, ootd, 스트라이프, followme, 소통, 맞팔, 좋아요, 선팔하면맞팔, 소통해요, 좋아요반사, 부산, , 통영카페, 감성카페, 미키마우스, 홍대, 경주카페, 대구카페, 앞산카페, 울산카페, 단가라, 트레이닝복, 엘리제마켓, 티셔츠, 월요일, 아이폰"
https://www.instagram.com/p/CAezok_FZHt/,2020-05-22,"미키친구들세트
프로필링크 누르면 구매 가능해요♡ #daily#daliylook#데일리#데일리룩#일상#오오티티#ootd#스트라이프#followme#소통#맞팔#좋아요#선팔하면맞팔#소통해요#좋아요반사#부산##통영카페#감성카페#미키마우스#홍대#경주카페#대구카페#앞산카페#울산카페#단가라#트레이닝복#엘리제마켓#티셔츠#월요일#아이폰 ","daily, daliylook, 데일리, 데일리룩, 일상, 오오티티, ootd, 스트라이프, followme, 소통, 맞팔, 좋아요, 선팔하면맞팔, 소통해요, 좋아요반사, 부산, , 통영카페, 감성카페, 미키마우스, 홍대, 경주카페, 대구카페, 앞산카페, 울산카페, 단가라, 트레이닝복, 엘리제마켓, 티셔츠, 월요일, 아이폰"
https://www.instagram.com/p/CAezlTTlA3J/,2020-05-22,"미키친구들세트
프로필링크 누르면 구매 가능해요♡ #daily#daliylook#데일리#데일리룩#일상#오오티티#ootd#스트라이프#followme#소통#맞팔#좋아요#선팔하면맞팔#소통해요#좋아요반사#부산##통영카페#감성카페#미키마우스#홍대#경주카페#대구카페#앞산카페#울산카페#단가라#트레이닝복#엘리제마켓#티셔츠#월요일#아이폰 ","daily, daliylook, 데일리, 데일리룩, 일상, 오오티티, ootd, 스트라이프, followme, 소통, 맞팔, 좋아요, 선팔하면맞팔, 소통해요, 좋아요반사, 부산, , 통영카페, 감성카페, 미키마우스, 홍대, 경주카페, 대구카페, 앞산카페, 울산카페, 단가라, 트레이닝복, 엘리제마켓, 티셔츠, 월요일, 아이폰"
https://www.instagram.com/p/CAezh3aFSjI/,2020-05-22,"미키친구들세트
프로필링크 누르면 구매 가능해요♡ #daily#daliylook#데일리#데일리룩#일상#오오티티#ootd#스트라이프#followme#소통#맞팔#좋아요#선팔하면맞팔#소통해요#좋아요반사#부산##통영카페#감성카페#미키마우스#홍대#경주카페#대구카페#앞산카페#울산카페#단가라#트레이닝복#엘리제마켓#티셔츠#월요일#아이폰 ","daily, daliylook, 데일리, 데일리룩, 일상, 오오티티, ootd, 스트라이프, followme, 소통, 맞팔, 좋아요, 선팔하면맞팔, 소통해요, 좋아요반사, 부산, , 통영카페, 감성카페, 미키마우스, 홍대, 경주카페, 대구카페, 앞산카페, 울산카페, 단가라, 트레이닝복, 엘리제마켓, 티셔츠, 월요일, 아이폰"
https://www.instagram.com/p/CAezeyHl8TM/,2020-05-22,"미키친구들세트
프로필링크 누르면 구매 가능해요♡ #daily#daliylook#데일리#데일리룩#일상#오오티티#ootd#스트라이프#followme#소통#맞팔#좋아요#선팔하면맞팔#소통해요#좋아요반사#부산##통영카페#감성카페#미키마우스#홍대#경주카페#대구카페#앞산카페#울산카페#단가라#트레이닝복#엘리제마켓#티셔츠#월요일#아이폰 ","daily, daliylook, 데일리, 데일리룩, 일상, 오오티티, ootd, 스트라이프, followme, 소통, 맞팔, 좋아요, 선팔하면맞팔, 소통해요, 좋아요반사, 부산, , 통영카페, 감성카페, 미키마우스, 홍대, 경주카페, 대구카페, 앞산카페, 울산카페, 단가라, 트레이닝복, 엘리제마켓, 티셔츠, 월요일, 아이폰"
https://www.instagram.com/p/CAezb4wl96V/,2020-05-22,"미키친구들세트
프로필링크 누르면 구매 가능해요♡ #daily#daliylook#데일리#데일리룩#일상#오오티티#ootd#스트라이프#followme#소통#맞팔#좋아요#선팔하면맞팔#소통해요#좋아요반사#부산##통영카페#감성카페#미키마우스#홍대#경주카페#대구카페#앞산카페#울산카페#단가라#트레이닝복#엘리제마켓#티셔츠#월요일#아이폰 ","daily, daliylook, 데일리, 데일리룩, 일상, 오오티티, ootd, 스트라이프, followme, 소통, 맞팔, 좋아요, 선팔하면맞팔, 소통해요, 좋아요반사, 부산, , 통영카페, 감성카페, 미키마우스, 홍대, 경주카페, 대구카페, 앞산카페, 울산카페, 단가라, 트레이닝복, 엘리제마켓, 티셔츠, 월요일, 아이폰"
https://www.instagram.com/p/CAezYIQFyIz/,2020-05-22,"미키친구들세트
프로필링크 누르면 구매 가능해요♡ 상큼한 하루 보내세용~ #daily#daliylook#데일리#데일리룩#일상#오오티티#ootd#스트라이프#followme#소통#맞팔#좋아요#선팔하면맞팔#소통해요#좋아요반사#부산##통영카페#감성카페#미키마우스#홍대#경주카페#대구카페#앞산카페#울산카페#단가라#트레이닝복#엘리제마켓#티셔츠#월요일#아이폰 ","daily, daliylook, 데일리, 데일리룩, 일상, 오오티티, ootd, 스트라이프, followme, 소통, 맞팔, 좋아요, 선팔하면맞팔, 소통해요, 좋아요반사, 부산, , 통영카페, 감성카페, 미키마우스, 홍대, 경주카페, 대구카페, 앞산카페, 울산카페, 단가라, 트레이닝복, 엘리제마켓, 티셔츠, 월요일, 아이폰"
https://www.instagram.com/p/CAezP2hlKNH/,2020-05-22,"미키친구들세트
프로필링크 누르면 구매 가능해요♡ 좋반이용 #daily#daliylook#데일리#데일리룩#일상#오오티티#ootd#스트라이프#followme#소통#맞팔#좋아요#선팔하면맞팔#소통해요#좋아요반사#부산##통영카페#감성카페#미키마우스#홍대#경주카페#대구카페#앞산카페#울산카페#단가라#트레이닝복#엘리제마켓#티셔츠#월요일#아이폰 ","daily, daliylook, 데일리, 데일리룩, 일상, 오오티티, ootd, 스트라이프, followme, 소통, 맞팔, 좋아요, 선팔하면맞팔, 소통해요, 좋아요반사, 부산, , 통영카페, 감성카페, 미키마우스, 홍대, 경주카페, 대구카페, 앞산카페, 울산카페, 단가라, 트레이닝복, 엘리제마켓, 티셔츠, 월요일, 아이폰"
https://www.instagram.com/p/CAezM-lllqD/,2020-05-22,"미키친구들세트
프로필링크 누르면 구매 가능해요♡ #daily#daliylook#데일리#데일리룩#일상#오오티티#ootd#스트라이프#followme#소통#맞팔#좋아요#선팔하면맞팔#소통해요#좋아요반사#부산##통영카페#감성카페#미키마우스#홍대#경주카페#대구카페#앞산카페#울산카페#단가라#트레이닝복#엘리제마켓#티셔츠#월요일#아이폰 ","daily, daliylook, 데일리, 데일리룩, 일상, 오오티티, ootd, 스트라이프, followme, 소통, 맞팔, 좋아요, 선팔하면맞팔, 소통해요, 좋아요반사, 부산, , 통영카페, 감성카페, 미키마우스, 홍대, 경주카페, 대구카페, 앞산카페, 울산카페, 단가라, 트레이닝복, 엘리제마켓, 티셔츠, 월요일, 아이폰"
https://www.instagram.com/p/CAezIpYFdlK/,2020-05-22,"미키친구들세트
프로필링크 누르면 구매 가능해요♡ #daily#daliylook#데일리#데일리룩#일상#오오티티#ootd#스트라이프#followme#소통#맞팔#좋아요#선팔하면맞팔#소통해요#좋아요반사#부산##통영카페#감성카페#미키마우스#홍대#경주카페#대구카페#앞산카페#울산카페#단가라#트레이닝복#엘리제마켓#티셔츠#월요일#아이폰 ","daily, daliylook, 데일리, 데일리룩, 일상, 오오티티, ootd, 스트라이프, followme, 소통, 맞팔, 좋아요, 선팔하면맞팔, 소통해요, 좋아요반사, 부산, , 통영카페, 감성카페, 미키마우스, 홍대, 경주카페, 대구카페, 앞산카페, 울산카페, 단가라, 트레이닝복, 엘리제마켓, 티셔츠, 월요일, 아이폰"
https://www.instagram.com/p/CAezFdZFAmW/,2020-05-22,"미키친구들세트
프로필링크 누르면 구매 가능해요♡ #daily#daliylook#데일리#데일리룩#일상#오오티티#ootd#스트라이프#followme#소통#맞팔#좋아요#선팔하면맞팔#소통해요#좋아요반사#부산##통영카페#감성카페#미키마우스#홍대#경주카페#대구카페#앞산카페#울산카페#단가라#트레이닝복#엘리제마켓#티셔츠#월요일#아이폰 ","daily, daliylook, 데일리, 데일리룩, 일상, 오오티티, ootd, 스트라이프, followme, 소통, 맞팔, 좋아요, 선팔하면맞팔, 소통해요, 좋아요반사, 부산, , 통영카페, 감성카페, 미키마우스, 홍대, 경주카페, 대구카페, 앞산카페, 울산카페, 단가라, 트레이닝복, 엘리제마켓, 티셔츠, 월요일, 아이폰"
https://www.instagram.com/p/CAezCVTFV1H/,2020-05-22,"미키친구들세트
프로필링크 누르면 구매 가능해요♡ #daily#daliylook#데일리#데일리룩#일상#오오티티#ootd#스트라이프#followme#소통#맞팔#좋아요#선팔하면맞팔#소통해요#좋아요반사#부산##통영카페#감성카페#미키마우스#홍대#경주카페#대구카페#앞산카페#울산카페#단가라#트레이닝복#엘리제마켓#티셔츠#월요일#아이폰 ","daily, daliylook, 데일리, 데일리룩, 일상, 오오티티, ootd, 스트라이프, followme, 소통, 맞팔, 좋아요, 선팔하면맞팔, 소통해요, 좋아요반사, 부산, , 통영카페, 감성카페, 미키마우스, 홍대, 경주카페, 대구카페, 앞산카페, 울산카페, 단가라, 트레이닝복, 엘리제마켓, 티셔츠, 월요일, 아이폰"
https://www.instagram.com/p/CAey_aNlvzL/,2020-05-22,"미키친구들세트
프로필링크 누르면 구매 가능해요♡ #daily#daliylook#데일리#데일리룩#일상#오오티티#ootd#스트라이프#followme#소통#맞팔#좋아요#선팔하면맞팔#소통해요#좋아요반사#부산##통영카페#감성카페#미키마우스#홍대#경주카페#대구카페#앞산카페#울산카페#단가라#트레이닝복#엘리제마켓#티셔츠#월요일#아이폰 ","daily, daliylook, 데일리, 데일리룩, 일상, 오오티티, ootd, 스트라이프, followme, 소통, 맞팔, 좋아요, 선팔하면맞팔, 소통해요, 좋아요반사, 부산, , 통영카페, 감성카페, 미키마우스, 홍대, 경주카페, 대구카페, 앞산카페, 울산카페, 단가라, 트레이닝복, 엘리제마켓, 티셔츠, 월요일, 아이폰"
https://www.instagram.com/p/CAey35gFEAP/,2020-05-22,"미키친구들세트
프로필링크 누르면 구매 가능해요♡ #daily#daliylook#데일리#데일리룩#일상#오오티티#ootd#스트라이프#followme#소통#맞팔#좋아요#선팔하면맞팔#소통해요#좋아요반사#부산##통영카페#감성카페#미키마우스#홍대#경주카페#대구카페#앞산카페#울산카페#단가라#트레이닝복#엘리제마켓#티셔츠#월요일#아이폰 ","daily, daliylook, 데일리, 데일리룩, 일상, 오오티티, ootd, 스트라이프, followme, 소통, 맞팔, 좋아요, 선팔하면맞팔, 소통해요, 좋아요반사, 부산, , 통영카페, 감성카페, 미키마우스, 홍대, 경주카페, 대구카페, 앞산카페, 울산카페, 단가라, 트레이닝복, 엘리제마켓, 티셔츠, 월요일, 아이폰"
https://www.instagram.com/p/CAey0Mplau0/,2020-05-22,"미키친구들세트
프로필링크 누르면 구매 가능해요♡ #daily#daliylook#데일리#데일리룩#일상#오오티티#ootd#스트라이프#followme#소통#맞팔#좋아요#선팔하면맞팔#소통해요#좋아요반사#부산##통영카페#감성카페#미키마우스#홍대#경주카페#대구카페#앞산카페#울산카페#단가라#트레이닝복#엘리제마켓#티셔츠#월요일#아이폰 ","daily, daliylook, 데일리, 데일리룩, 일상, 오오티티, ootd, 스트라이프, followme, 소통, 맞팔, 좋아요, 선팔하면맞팔, 소통해요, 좋아요반사, 부산, , 통영카페, 감성카페, 미키마우스, 홍대, 경주카페, 대구카페, 앞산카페, 울산카페, 단가라, 트레이닝복, 엘리제마켓, 티셔츠, 월요일, 아이폰"
https://www.instagram.com/p/CAeyxcxlM-0/,2020-05-22,"미키친구들세트
프로필링크 누르면 구매 가능해요♡ #daily#daliylook#데일리#데일리룩#일상#오오티티#ootd#스트라이프#followme#소통#맞팔#좋아요#선팔하면맞팔#소통해요#좋아요반사#부산##통영카페#감성카페#미키마우스#홍대#경주카페#대구카페#앞산카페#울산카페#단가라#트레이닝복#엘리제마켓#티셔츠#월요일#아이폰 ","daily, daliylook, 데일리, 데일리룩, 일상, 오오티티, ootd, 스트라이프, followme, 소통, 맞팔, 좋아요, 선팔하면맞팔, 소통해요, 좋아요반사, 부산, , 통영카페, 감성카페, 미키마우스, 홍대, 경주카페, 대구카페, 앞산카페, 울산카페, 단가라, 트레이닝복, 엘리제마켓, 티셔츠, 월요일, 아이폰"
https://www.instagram.com/p/CAmNIfol4si/,2020-05-25,우리 모두 한 주도 화이팅-!✨ ☺️ @downtime.n.cookies #uijeongbu #downtime #의정부 #의정부카페 #민락동카페 #민락2지구 #민락2지구카페 #다운타임 #감성카페 #의정부맛집 #카페투어 #쿠키맛집 #남양주카페 #의정부데이트 #카페추천 #달고나라떼 #달고나밀크티 #크렘브륄레 #수박주스 ☺️ ,"uijeongbu, downtime, 의정부, 의정부카페, 민락동카페, 민락2지구, 민락2지구카페, 다운타임, 감성카페, 의정부맛집, 카페투어, 쿠키맛집, 남양주카페, 의정부데이트, 카페추천, 달고나라떼, 달고나밀크티, 크렘브륄레, 수박주스"
https://www.instagram.com/p/CAmM6VRBb_5/,2020-05-25,"오늘은 서울로 갑니다. 보내다보니 매주 월요일마다 택배를 보내고 있네요. 많이 찾아주셔서 감사합니다🤗🤗
비티씨 인무드, 영업중 입니다.🔥 ☕ @btc_inmood #광주 #감성카페 #전대카페 #전대후문 #후문카페 #용봉동카페 #비티씨 #비티씨인무드 #비티씨inMood. #인무드 #브루잉 #콜드브루 #피콜로 #롱블랙 #크림라떼 #수제차 #에이드 #당근케익 #리얼당근케익 #딸기라떼 #생딸기라떼 ","광주, 감성카페, 전대카페, 전대후문, 후문카페, 용봉동카페, 비티씨, 비티씨인무드, 비티씨inMood, 인무드, 브루잉, 콜드브루, 피콜로, 롱블랙, 크림라떼, 수제차, 에이드, 당근케익, 리얼당근케익, 딸기라떼, 생딸기라떼"
https://www.instagram.com/p/CAmM56UJWM5/,2020-05-25,#날이좋아서 아아 마시다 즉흥 에버랜드 . @__hyoily #카페감성 #감성사진 #광교 #카페 #카페스타그램 #연영과 #배우 #감성 #감성카페 #like4like #selfie #follow4follow #likeforlikes #fff #f4f #coffee #좋아요반사 #에버랜드 #용인카페 #nov133 #노브133 #카페감성 #감성사진 #shoot #단편영화 #광고에이전시 #헬린이 #운동스타그램 뭐양 이거 개이뻥 ,"날이좋아서, 카페감성, 감성사진, 광교, 카페, 카페스타그램, 연영과, 배우, 감성, 감성카페, like4like, selfie, follow4follow, likeforlikes, fff, f4f, coffee, 좋아요반사, 에버랜드, 용인카페, nov133, 노브133, 카페감성, 감성사진, shoot, 단편영화, 광고에이전시, 헬린이, 운동스타그램"
https://www.instagram.com/p/CAmM4VyAj2l/,2020-05-25,월요일도 21시까지 운영합니다🤍 내일은 온도룸 정기 휴무날입니다. 오시는 길 참고 부탁드려요☕️ 🐶 @ondoroom #온도룸 #신상카페 #수원카페 #동탄카페 #화성카페 #오산카페 #용인카페 #동탄2카페 #동탄2신도시 #영천동카페 #동탄카페추천 #카페투어 #카페스타그램 #듁스커피 #듁스에스프레소 #수원애견동반 #동탄애견동반 #애견동반카페 #동탄애견동반카페 #카페인테리어 #햇빛맛집 #햇빛맛집카페 #햇살맛집 #감성카페 #커피맛집 #달고나라떼 #슈퍼말차 #디저트맛집 #카페대관 #쇼핑몰대관 ,"온도룸, 신상카페, 수원카페, 동탄카페, 화성카페, 오산카페, 용인카페, 동탄2카페, 동탄2신도시, 영천동카페, 동탄카페추천, 카페투어, 카페스타그램, 듁스커피, 듁스에스프레소, 수원애견동반, 동탄애견동반, 애견동반카페, 동탄애견동반카페, 카페인테리어, 햇빛맛집, 햇빛맛집카페, 햇살맛집, 감성카페, 커피맛집, 달고나라떼, 슈퍼말차, 디저트맛집, 카페대관, 쇼핑몰대관"
https://www.instagram.com/p/CAmMxFdnM-I/,2020-05-25,"해밀턴에서 제일 좋아하는 카페.
.
.
.
.
#데일리#일상#좋아요#빈티지#느낌#감성#분위기#선팔#맞팔#좋아요#소통#호주#뉴질랜드#빈티지카페#감성카페#커피 반갑습니다 ^^ ","데일리, 일상, 좋아요, 빈티지, 느낌, 감성, 분위기, 선팔, 맞팔, 좋아요, 소통, 호주, 뉴질랜드, 빈티지카페, 감성카페, 커피"
https://www.instagram.com/p/CAmMsMgHOe7/,2020-05-25,"#uucoffee
월요일 😢
#왕리단길#유유커피

#한양대카페#왕십리카페#커피맛집#커피스타그램#카페추천#데이트#데일리#소통#일상#팔로우#커피#인테리어#예쁜카페#감성카페#포토존#대관#월요병#라떼아트#카페라떼#로제타#latteart ","uucoffee, 왕리단길, 유유커피, 한양대카페, 왕십리카페, 커피맛집, 커피스타그램, 카페추천, 데이트, 데일리, 소통, 일상, 팔로우, 커피, 인테리어, 예쁜카페, 감성카페, 포토존, 대관, 월요병, 라떼아트, 카페라떼, 로제타, latteart"
https://www.instagram.com/p/CAmMsAqnPux/,2020-05-25,".
월요일 오픈준비 완료.
.
혹시나 가게를 들어 왔는데 아무도 없다..?
옥상에 있으니깐 당황하지 마세요. 옥상을 보고 내려와를 외치면 후다닥 내려갑니다 @cafe_muffee #먹스타맞팔 #맞팔선팔환영 #선팔하면맞팔 #좋아요반사 #부산카페 #감성카페 #햇살맛집 #사직동카페 #동래구 #카페탐방 #카페스타그램 #디저트 #디저트스타그램 #먹방 #먹방스타그램 #먹스타 #먹스타그램 #맛스타 #맛스타그램 #맛있다그램 #먹부림 #food #foodstagram #foodporn #foodphotography #likeforlikes #likeforfollow #like4follow #f4f ","먹스타맞팔, 맞팔선팔환영, 선팔하면맞팔, 좋아요반사, 부산카페, 감성카페, 햇살맛집, 사직동카페, 동래구, 카페탐방, 카페스타그램, 디저트, 디저트스타그램, 먹방, 먹방스타그램, 먹스타, 먹스타그램, 맛스타, 맛스타그램, 맛있다그램, 먹부림, food, foodstagram, foodporn, foodphotography, likeforlikes, likeforfollow, like4follow, f4f"
https://www.instagram.com/p/CAmMnEon1Bo/,2020-05-25,"요기는 우리 동네에 생긴 갬성 카페☺️🧡
인테리어가 우드로 되어있어서 너무 분위기있댱✨ 아 , 두꺼운 파운드 케이크 넘조아요 ☺️ 우드우드🤎파운드 엄청맛잇어보여용🤭🤭 소통해요 🤍🧡 꺅 케이크 완전 제스타일ㅠㅠㅠㅠ 오아앙 우드 감성 정말 사룽합니다 🤎 선팔 합니다~ 소통하며 지내요😊 우드 감성 좋죠🤭 파운드 케키 맛나보여요♥️♥️ 우드 넘 이쁘져❤️ 우드 감성 넘 좋아여🤎 동네에 이런 갬성카페 옳습니다!!!😍🧡 저도 거기 앉아있고 싶어요 💦 동네에 요런 카페 있으면 맨날갈것같아요❤️❤️ ",
https://www.instagram.com/p/CAmMWPJByRf/,2020-05-25,"I did not go to a cafe this weekend so now I am crying .
.
.
.
.
.
.
#aestheticposts #torontoblogger #toronto #minimaliststyle #asian #hkig #neutrals #myaritzia #ootdmagazine #howtobeparisian #fashionista #fashionpost #fashionblogger #fashionaddict #outfitdujour #instastyle #whatiworetoday #오오티디 #데일리룩 #소통좋아요 #소소한일상 #일상스타그램 #인스타데일리 #인스타라니프 #카페탐방 #감성카페 Literally eating an m&m chocolate chip cookie right now. 😋 @mrsjessmeadows I need 5 @gridliness well I’ve got 3.5 left so...I made the entire batch last night. 🤦🏻‍♀️ ","aestheticposts, torontoblogger, toronto, minimaliststyle, asian, hkig, neutrals, myaritzia, ootdmagazine, howtobeparisian, fashionista, fashionpost, fashionblogger, fashionaddict, outfitdujour, instastyle, whatiworetoday, , , , , , , , , "
https://www.instagram.com/p/CAmLt3OFk47/,2020-05-25,"#상봉커피 #서비스쿠키
월요일은 디저트가 안 나오는 날이라 대신에 음료와 간단히 드실 수 있는 쿠키류를 음료당 하나씩 서비스로 드리고 있어요🍪 오늘 만든 쿠키는 뉴욕타임즈 초코칩쿠키인데 감자전이 나왔네요😂 하지만 맛과 식감은 겉바속촉쫀득에 매우 충실한 쿠키랍니다. 많이 많이 찾아주세요💙🍪💙🍪💙🍪
-
*상봉커피는 코로나19 감염예방을 위해 일회용컵을 사용하고 있습니다.
-
#ㅅㅂㅋㅍ #상봉역카페 #상봉동카페 #상봉카페 #면목역카페 #면목동카페 #디저트카페 #중랑구카페상봉커피 #중랑구카페 #감성카페 #서울카페 #디저트카페 #카페스타그램 #일상 ㅋㅋㅋㅋㅋㅋㅋㅋ귀여우셬ㅋㅋ 감자전ㅋㅋㅋㅋㅋㅋㅋ미니감자전ㅋㅋ @ryong.eee ㅋㅋㅋㅋㅋㅋ흡사 감자전🥔🍪 초코감자전 👍🏻👍🏻 @episode.q ㅋㅋㅋㅋ초코감자전은 뮤슨 맛이 날까 ",", 서비스쿠키, , , , , , , , , , , , , , "
https://www.instagram.com/p/CAmL6K7JqBZ/,2020-05-25,"⠀
5/25 월요일 오픈했어요 ❤️
길고 길었던 딸기시즌의 마지막날이에요!
아쉽지만 이제 겨울에 또 만나요.
오늘은 휴무전날이라 디저트 추가생산은 하지않으니
방문예정이신분들은 일찍 들려주셔요.

코로나19 전염방지를 위해 직원 모두 마스크 착용하고
수시로 소독하며 위생에 더욱 신경쓰고 있어요.
저희 카페에 방문하시는 손님분들도 주문하고 자리에
착석하기전까지는 마스크 착용 꼭꼭- 해주시고
비치되어있는 손소독제도 사용해주셔요!
⠀
⠀
➖5/25 월요일 디저트입니다.
⠀⠀
케이크
• 딸기몽블랑 (딸기시즌메뉴)
• 메리베리 (딸기시즌메뉴)
• 초코베리퐁당 (딸기시즌메뉴)
• 딸기카스테라롤 (딸기시즌메뉴)
• 피스타치오오렌지
• 말차갸또쇼콜라
• 마론치즈케이크
• 제주당근케이크
• 망고스윗케이크

구움과자
• 얼그레이글라세마들렌
• 레몬글라세마들렌
• 말차글라세마들렌⠀
• 타히티바닐라마들렌 (+타히티가나슈필링)
• 더티초코마들렌 (+헤이즐넛가나슈필링) ⠀
⠀
➖notice
⠀
• 카페 안 모든 좌석 2-3인 기준으로 단체석 없으며
단체 손님은 이용이 불가합니다. (테이블과 의자 이동✖️)
• 음료, 디저트 모두 테이크아웃 가능합니다
(보냉제는 준비되어 있지않으니 이동시간이 긴 경우
보냉제를 챙겨와주세요)
• 시즌메뉴인 딸기케이크는 2조각 까지만 구입 가능합니다
• 시즌메뉴는 (딸기디저트) 다른 디저트보다
소진이 빠른편이라 일찍 솔드아웃 될수 있습니다.
• 홀케이크 주문, 문의는 블로그에서만 받습니다.
인스타 댓글, 다이렉트 메세지는 사용하지않아요.
• 조각모듬케이크는 직접 매장에 오셔서 케이크 6조각
골라주시면 구입이 가능해요. #스윗레시피 @sweet_0310 #딸기케이크 #휘낭시에 #바닐라마들렌 #치즈케이크 #베이커리카페 #디저트 #노원카페 #카페투어 #카페스타그램 #카페 #마들렌맛집 #디저트카페 #노원맛집 #노원역카페 #브라우니 #요거트볼 #감성카페 #생딸기우유 #케이크맛집 #바스크치즈케이크 #홀케이크주문 #노원케이크 #마들렌 #구움과자 #케이크 #수제케이크 #디저트맛집 #디저트그램 #갸또쇼콜라 ","스윗레시피, 딸기케이크, 휘낭시에, 바닐라마들렌, 치즈케이크, 베이커리카페, 디저트, 노원카페, 카페투어, 카페스타그램, 카페, 마들렌맛집, 디저트카페, 노원맛집, 노원역카페, 브라우니, 요거트볼, 감성카페, 생딸기우유, 케이크맛집, 바스크치즈케이크, 홀케이크주문, 노원케이크, 마들렌, 구움과자, 케이크, 수제케이크, 디저트맛집, 디저트그램, 갸또쇼콜라"
https://www.instagram.com/p/CAmMTKkheju/,2020-05-25,"#더솔트
.
.
.
생명수 ☕️ .
.
.
.
#커피는더솔트☕️ .
.
.
.
#천안카페#신상카페#빈티지카페#신부동카페#분위기맛집#천안카페투어 #핫플#포토존카페#감성카페 #바리스타카페 #커피맛집
.
.
.
신세계백화점 A주차장 맞은편
(남주해장국 라인) #천안 #천안카페 #천안터미널카페 #천안터미널맛집 #더솔트카페 #신부동카페 #신부동 #휘낭시에 #마들렌 #테린느 #말차 #레몬 #치즈 #히말라야솔트카라멜휘낭시에 #수제베이커리 #라떼맛집 ",", , , , , , , , , , , , , 천안, 천안카페, 천안터미널카페, 천안터미널맛집, 더솔트카페, 신부동카페, 신부동, 휘낭시에, 마들렌, 테린느, 말차, 레몬, 치즈, 히말라야솔트카라멜휘낭시에, 수제베이커리, 라떼맛집"
https://www.instagram.com/p/CAmMHGiprgX/,2020-05-25,"20.05.25
테이크아웃도 크림 가득, #고즈넉이 #gozneoki #coffee #cafe #drinks #원주 #원주카페 #카페추천 #커피맛집 #라떼맛집 #2층카페 #복층카페 #예쁜카페 #원주데이트 #단구동 #무실동 #판부면카페 #서곡리카페 #아늑한 #분위기 #조용한카페 #감성카페 #latteart #라떼아트 #라떼아트교육 ","고즈넉이, gozneoki, coffee, cafe, drinks, 원주, 원주카페, 카페추천, 커피맛집, 라떼맛집, 2층카페, 복층카페, 예쁜카페, 원주데이트, 단구동, 무실동, 판부면카페, 서곡리카페, 아늑한, 분위기, 조용한카페, 감성카페, latteart, 라떼아트, 라떼아트교육"
https://www.instagram.com/p/CAmL_IlFy97/,2020-05-25,"얼그레이우려넣은 복숭아아이스티👍🏻
진심이 활짝이욘!
.
. 👉🏻 CAFE진심 🍰
#창원#마산#합성동#CAFE진심#카페진심#마산카페#합성동카페#감성카페#분위기좋은카페#테라스가있는카페#디저트#수제케익#생크림케이크#핫도그케이크#마시멜로우#티라미수#수제자몽청#수제레몬청#자일로스#핸드드립#필터커피#합성동맛집#진심#또진심#늘진심 ","창원, 마산, 합성동, CAFE진심, 카페진심, 마산카페, 합성동카페, 감성카페, 분위기좋은카페, 테라스가있는카페, 디저트, 수제케익, 생크림케이크, 핫도그케이크, 마시멜로우, 티라미수, 수제자몽청, 수제레몬청, 자일로스, 핸드드립, 필터커피, 합성동맛집, 진심, 또진심, 늘진심"
https://www.instagram.com/p/CAmL-8XFODN/,2020-05-25,"브로트아트🇩🇪
🧁바닐라빈 커스타드 슈크림🧁
-
-
-
바닐라빈 커스타드 크림이 듬뿍 들어간 빵이에요 :-)
겉바속촉 슈 속에 부드럽고 달달한 바닐라빈 커스타드 크림이 들어가서 정말 매력적인 빵입니다🧁
한번 맛보시면 계속 생각날거에요😛
-
아메리카노와도 찰떡궁합이랍니다:)
이거 하나면 월요병 퇴치 끝-!😳
오늘은 달달한 바닐라 슈와 함께 커피 한잔 어떠신가요?😉
-
-
-
브로트아트는 당일 생산한 빵만 판매하기 때문에 더욱 신선하게 빵을 즐기실 수 있습니다 :)
-
매장 방문하시는 고객님의 코로나 감염예방을 위해 매장 청결에 힘쓰고 있습니다 :)
걱정 마시고 놀러오세요☺️
-
재난 지원금 사용 가능 매장입니다 :-)
-
-
-
#브로트아트 #독일 #베이커리 #여의나루 #한강 #여의도한강공원 #여의도카페 #감성카페 #예쁜카페 #카페스타그램 #카페추천 #디저트 #기념일 #선물 #커피 #아메리카노 #슈 #슈크림 #베이킹 #빵스타그램 #빵지순례 #빵순이 #소통 #선팔 #맞팔 ","브로트아트, 독일, 베이커리, 여의나루, 한강, 여의도한강공원, 여의도카페, 감성카페, 예쁜카페, 카페스타그램, 카페추천, 디저트, 기념일, 선물, 커피, 아메리카노, 슈, 슈크림, 베이킹, 빵스타그램, 빵지순례, 빵순이, 소통, 선팔, 맞팔"
https://www.instagram.com/p/CAmL8d5AuN6/,2020-05-25,"저녁 약속시간 전 조금 이르게 나와 가보고 싶어 저장해둔 곳을 방문한다.
혼자서 영화 보고 서점 가고 길을 걷는 것은 참 좋아하는데 이상하게도 식당과 카페(핫 플레이스)를 혼자 가는 건 아직 좀 쑥스러운 편이다 그럼에도 간다 :-) 조금 어색하게 앉거나, 찍고 싶었던 사진을 마음껏 찍지 못해도 얌전히 한 구석에서 나만의 여유를 즐기는 것은 쑥스러움을 이길 정도로 좋으니까.

스콘이 너무 맛있는 곳이니 스콘은 꼭 드셔보시길 바라요

@understated.kr @illstayforawhile
#내가머물던곳 #언더스테이티드 #understated
#마포카페 #공덕카페 #애오개역카페 #드립커피
#카페투어 #카페탐방 #카페추천 #카페스타그램 #커피맛집 #분위기좋은카페 #감성카페 #서울카페 #한국카페 #카페인테리어 #cafetour #seoulcafe #cafestagram ","내가머물던곳, 언더스테이티드, understated, 마포카페, 공덕카페, 애오개역카페, 드립커피, 카페투어, 카페탐방, 카페추천, 카페스타그램, 커피맛집, 분위기좋은카페, 감성카페, 서울카페, 한국카페, 카페인테리어, cafetour, seoulcafe, cafestagram"
https://www.instagram.com/p/CAmLzxmHlk6/,2020-05-25,"⠀
⠀
에몽이
⠀
⠀
#전주카페#전주객사#객리단길카페#카페맛집#감성카페#연유라떼#점심#다가동#데일리#일상 ","전주카페, 전주객사, 객리단길카페, 카페맛집, 감성카페, 연유라떼, 점심, 다가동, 데일리, 일상"
https://www.instagram.com/p/CAmLx_fAU_J/,2020-05-25,쑥 크럼블 스콘🐹🌱 🍪 #부산 #광안리 #경성대 #부경대#대연동 #대연동카페 #경성대카페 #감성카페 #피크닉카페 #신상카페 #소통 #디저트카페 #맞팔 #팔로우#좋아요 #인스타그램#쿠키맛집 #일상그램 #데일리그램#화과자 #부산화과자 #디저트#picnic#피크닉#쑥크럼블 ,"부산, 광안리, 경성대, 부경대, 대연동, 대연동카페, 경성대카페, 감성카페, 피크닉카페, 신상카페, 소통, 디저트카페, 맞팔, 팔로우, 좋아요, 인스타그램, 쿠키맛집, 일상그램, 데일리그램, 화과자, 부산화과자, 디저트, picnic, 피크닉, 쑥크럼블"
https://www.instagram.com/p/CAmLv3GApLx/,2020-05-25,"< 오늘의 수상한 한 마디 >
⠀
애뜻함과 망설임을 한데 품은 마음으로
수상한 집은 오늘도 문을 활짝 열었습니다 :)
⠀
-
⠀
그러나 너의 얼굴은
어둠에서 불빛으로 넘어가는
그 찰나에 꺼졌다 살아났다
너의 얼굴은 그만큼 불안하다
⠀
김수영 <사랑 > 中
⠀
- 🙏 @suspicioushouse #수상한집 #제주카페 #제주여행 #제주갤러리 #제주미술관 #제주게스트하우스 #제주게하 #제주신상카페 #제주사진찍기좋은곳 #제주43 #제주전시 #제주키즈존 #다크투어 #감성카페 #제주살이 #셀카 #셀스타그램 #제주도여행코스 #제주시여행지 #제주카페추천 #제주일상 #기억공간리본 #세월호 #감성스냅 #무인카페 #햇빛맛집 #미소맛집 ","수상한집, 제주카페, 제주여행, 제주갤러리, 제주미술관, 제주게스트하우스, 제주게하, 제주신상카페, 제주사진찍기좋은곳, 제주43, 제주전시, 제주키즈존, 다크투어, 감성카페, 제주살이, 셀카, 셀스타그램, 제주도여행코스, 제주시여행지, 제주카페추천, 제주일상, 기억공간리본, 세월호, 감성스냅, 무인카페, 햇빛맛집, 미소맛집"
https://www.instagram.com/p/CAmLuIyAyLD/,2020-05-25,🍸✨ 👧🏻 @___bonnard #보나흐 #보나흐케이스 #감성케이스 #무지개케이스 #일상 #감성카페 #제품촬영 #홈카페 #빈티지찻잔 #이케아 #좋아요 #좋반 #소통 #팔로워 #문구스타그램 #홈스타일링 #소품샵 #제품디자이너 #협찬문의 ,"보나흐, 보나흐케이스, 감성케이스, 무지개케이스, 일상, 감성카페, 제품촬영, 홈카페, 빈티지찻잔, 이케아, 좋아요, 좋반, 소통, 팔로워, 문구스타그램, 홈스타일링, 소품샵, 제품디자이너, 협찬문의"
https://www.instagram.com/p/CAmLrsvgiSG/,2020-05-25,"회사 근처에 맛있는 커피집이 생겼다.•♥ ⠀
⠀
⠀
#일상 #데일리 #감성사진 #감성스타그램 #갬성 #갬성카페 #감성카페 #강남구청 #압구정 #청담 #일상사진 #버터커피 #커피스타그램 #카페스타그램 #까페스타그램 #cafe #cafestagram #학동 #학동사거리 #천장지구 ",", , , , , , , , , , , , , , , cafe, cafestagram, , , "
https://www.instagram.com/p/CAmKxtBlF3D/,2020-05-25,"_____________° °вeaυтy creaтe®° °
오늘 똥이 휴가라서
급 브런치🥐🧀 _

유일한 내 아가씨칭구,
루미쓰고 더 예뻐졌넹똥이

#브런치맛집
.
.
.
.
▫️▫️▫️▫️▫️▫️▫️▫️▫️▫️▫️▫️▫️▫️▫️▫️▫️▫️▫️
○사람을 돕는 사업
_________________뉴스킨 히라짱 .
○투잡&제품문의
_________________카톡: eva5160
▫️▫️▫️▫️▫️▫️▫️▫️▫️▫️▫️▫️▫️▫️▫️▫️▫️▫️▫️ #대구 #대구카페 #카페 #수성구카페 #시지카페#신매카페#경산카페 #베이커리카페 #디저트 #디저트카페 #coffee #대구신상카페 #감성카페 #감성 #사진 #분위기 #좋아요 #팔로우 #데일리#일상스타그램 #카페투어 #카페스타그램 #대구카페추천#대구브런치카페 〰️ 〰️ ","브런치맛집, 대구, 대구카페, 카페, 수성구카페, 시지카페, 신매카페, 경산카페, 베이커리카페, 디저트, 디저트카페, coffee, 대구신상카페, 감성카페, 감성, 사진, 분위기, 좋아요, 팔로우, 데일리, 일상스타그램, 카페투어, 카페스타그램, 대구카페추천, 대구브런치카페"
https://www.instagram.com/p/CAl8Acylg3Q/,2020-05-25,"💛💛💛 사직동 신상카페
들어가는 입구부터 취향 저격
#부산카페 #부산신상카페
#사직동카페 #카페소라 #소라카페 ","부산카페, 부산신상카페, 사직동카페, 카페소라, 소라카페"
https://www.instagram.com/p/CAkFFu5l7bP/,2020-05-24,. @kyeongwony #instagram #인스타그램 #일상 #daily #dailylook #fashion #fashionista #패션 #패션스타그램 #일상룩 #패션코디 #ootd #cafe #카페 #카페스타그램 #카페탐방 #카페투어 #감성카페 #남자코디 #남자패션 #좋아요 #좋아요반사 #like #likeforlikes #likeforfollow #follow #팔로우 #팔로우늘리기 #followforfollowback #팔로우환영 ,"instagram, 인스타그램, 일상, daily, dailylook, fashion, fashionista, 패션, 패션스타그램, 일상룩, 패션코디, ootd, cafe, 카페, 카페스타그램, 카페탐방, 카페투어, 감성카페, 남자코디, 남자패션, 좋아요, 좋아요반사, like, likeforlikes, likeforfollow, follow, 팔로우, 팔로우늘리기, followforfollowback, 팔로우환영"
https://www.instagram.com/p/CAZ9ydhlDsT/,2020-05-20,"파스텔폰케이스
프로필링크 누르면 구매 가능해요♡ #아이폰케이스#폰케이스#스마트톡#daily#daliylook#데일리#일상#오오티티#ootd#followme#소통#맞팔#좋아요#선팔하면맞팔#소통해요#좋아요반사#부산#카페투어#통영카페#젤리케이스#케이스추천#찰리폰케이스#폰케이스추천#엘리제마켓#스마트톡케이스#커플폰케이스#감성카페#감성사진#아이폰#월요일 ","아이폰케이스, 폰케이스, 스마트톡, daily, daliylook, 데일리, 일상, 오오티티, ootd, followme, 소통, 맞팔, 좋아요, 선팔하면맞팔, 소통해요, 좋아요반사, 부산, 카페투어, 통영카페, 젤리케이스, 케이스추천, 찰리폰케이스, 폰케이스추천, 엘리제마켓, 스마트톡케이스, 커플폰케이스, 감성카페, 감성사진, 아이폰, 월요일"
https://www.instagram.com/p/CAZ9tUjFWDN/,2020-05-20,"파스텔폰케이스
프로필링크 누르면 구매 가능해요♡ #아이폰케이스#폰케이스#스마트톡#daily#daliylook#데일리#일상#오오티티#ootd#followme#소통#맞팔#좋아요#선팔하면맞팔#소통해요#좋아요반사#부산#카페투어#통영카페#젤리케이스#케이스추천#찰리폰케이스#폰케이스추천#엘리제마켓#스마트톡케이스#커플폰케이스#감성카페#감성사진#아이폰#월요일 ","아이폰케이스, 폰케이스, 스마트톡, daily, daliylook, 데일리, 일상, 오오티티, ootd, followme, 소통, 맞팔, 좋아요, 선팔하면맞팔, 소통해요, 좋아요반사, 부산, 카페투어, 통영카페, 젤리케이스, 케이스추천, 찰리폰케이스, 폰케이스추천, 엘리제마켓, 스마트톡케이스, 커플폰케이스, 감성카페, 감성사진, 아이폰, 월요일"
https://www.instagram.com/p/CAZ9pRHlZXH/,2020-05-20,"파스텔폰케이스
프로필링크 누르면 구매 가능해요♡ @ju_ny_99 여기로 좋반 부탁드려요🙌 #아이폰케이스#폰케이스#스마트톡#daily#daliylook#데일리#일상#오오티티#ootd#followme#소통#맞팔#좋아요#선팔하면맞팔#소통해요#좋아요반사#부산#카페투어#통영카페#젤리케이스#케이스추천#찰리폰케이스#폰케이스추천#엘리제마켓#스마트톡케이스#커플폰케이스#감성카페#감성사진#아이폰#월요일 ","아이폰케이스, 폰케이스, 스마트톡, daily, daliylook, 데일리, 일상, 오오티티, ootd, followme, 소통, 맞팔, 좋아요, 선팔하면맞팔, 소통해요, 좋아요반사, 부산, 카페투어, 통영카페, 젤리케이스, 케이스추천, 찰리폰케이스, 폰케이스추천, 엘리제마켓, 스마트톡케이스, 커플폰케이스, 감성카페, 감성사진, 아이폰, 월요일"
https://www.instagram.com/p/CAZ9ml3FzaA/,2020-05-20,"파스텔폰케이스
프로필링크 누르면 구매 가능해요♡ #아이폰케이스#폰케이스#스마트톡#daily#daliylook#데일리#일상#오오티티#ootd#followme#소통#맞팔#좋아요#선팔하면맞팔#소통해요#좋아요반사#부산#카페투어#통영카페#젤리케이스#케이스추천#찰리폰케이스#폰케이스추천#엘리제마켓#스마트톡케이스#커플폰케이스#감성카페#감성사진#아이폰#월요일 ","아이폰케이스, 폰케이스, 스마트톡, daily, daliylook, 데일리, 일상, 오오티티, ootd, followme, 소통, 맞팔, 좋아요, 선팔하면맞팔, 소통해요, 좋아요반사, 부산, 카페투어, 통영카페, 젤리케이스, 케이스추천, 찰리폰케이스, 폰케이스추천, 엘리제마켓, 스마트톡케이스, 커플폰케이스, 감성카페, 감성사진, 아이폰, 월요일"
https://www.instagram.com/p/CAZ9jxslQCh/,2020-05-20,"파스텔폰케이스
프로필링크 누르면 구매 가능해요♡ #아이폰케이스#폰케이스#스마트톡#daily#daliylook#데일리#일상#오오티티#ootd#followme#소통#맞팔#좋아요#선팔하면맞팔#소통해요#좋아요반사#부산#카페투어#통영카페#젤리케이스#케이스추천#찰리폰케이스#폰케이스추천#엘리제마켓#스마트톡케이스#커플폰케이스#감성카페#감성사진#아이폰#월요일 ","아이폰케이스, 폰케이스, 스마트톡, daily, daliylook, 데일리, 일상, 오오티티, ootd, followme, 소통, 맞팔, 좋아요, 선팔하면맞팔, 소통해요, 좋아요반사, 부산, 카페투어, 통영카페, 젤리케이스, 케이스추천, 찰리폰케이스, 폰케이스추천, 엘리제마켓, 스마트톡케이스, 커플폰케이스, 감성카페, 감성사진, 아이폰, 월요일"
https://www.instagram.com/p/CAMZ8QNl0JO/,2020-05-15,"스마일폰케이스
프로필링크 누르면 구매 가능해요♡ #아이폰케이스#폰케이스#스마트톡#daily#daliylook#데일리#일상#오오티티#ootd#followme#소통#맞팔#좋아요#선팔하면맞팔#소통해요#좋아요반사#부산#카페투어#통영카페#젤리케이스#케이스추천#찰리폰케이스#폰케이스추천#엘리제마켓#스마트톡케이스#커플폰케이스#감성카페#감성사진#아이폰#월요일 ","아이폰케이스, 폰케이스, 스마트톡, daily, daliylook, 데일리, 일상, 오오티티, ootd, followme, 소통, 맞팔, 좋아요, 선팔하면맞팔, 소통해요, 좋아요반사, 부산, 카페투어, 통영카페, 젤리케이스, 케이스추천, 찰리폰케이스, 폰케이스추천, 엘리제마켓, 스마트톡케이스, 커플폰케이스, 감성카페, 감성사진, 아이폰, 월요일"
https://www.instagram.com/p/CAMZybyFM7Q/,2020-05-15,"스마일폰케이스
프로필링크 누르면 구매 가능해요♡ #아이폰케이스#폰케이스#스마트톡#daily#daliylook#데일리#일상#오오티티#ootd#followme#소통#맞팔#좋아요#선팔하면맞팔#소통해요#좋아요반사#부산#카페투어#통영카페#젤리케이스#케이스추천#찰리폰케이스#폰케이스추천#엘리제마켓#스마트톡케이스#커플폰케이스#감성카페#감성사진#아이폰#월요일 ","아이폰케이스, 폰케이스, 스마트톡, daily, daliylook, 데일리, 일상, 오오티티, ootd, followme, 소통, 맞팔, 좋아요, 선팔하면맞팔, 소통해요, 좋아요반사, 부산, 카페투어, 통영카페, 젤리케이스, 케이스추천, 찰리폰케이스, 폰케이스추천, 엘리제마켓, 스마트톡케이스, 커플폰케이스, 감성카페, 감성사진, 아이폰, 월요일"
https://www.instagram.com/p/CAMZu7xF3dj/,2020-05-15,"스마일폰케이스
프로필링크 누르면 구매 가능해요♡ 🎶 #아이폰케이스#폰케이스#스마트톡#daily#daliylook#데일리#일상#오오티티#ootd#followme#소통#맞팔#좋아요#선팔하면맞팔#소통해요#좋아요반사#부산#카페투어#통영카페#젤리케이스#케이스추천#찰리폰케이스#폰케이스추천#엘리제마켓#스마트톡케이스#커플폰케이스#감성카페#감성사진#아이폰#월요일 ","아이폰케이스, 폰케이스, 스마트톡, daily, daliylook, 데일리, 일상, 오오티티, ootd, followme, 소통, 맞팔, 좋아요, 선팔하면맞팔, 소통해요, 좋아요반사, 부산, 카페투어, 통영카페, 젤리케이스, 케이스추천, 찰리폰케이스, 폰케이스추천, 엘리제마켓, 스마트톡케이스, 커플폰케이스, 감성카페, 감성사진, 아이폰, 월요일"
https://www.instagram.com/p/CAMZrxDlFuU/,2020-05-15,"스마일폰케이스
프로필링크 누르면 구매 가능해요♡ #아이폰케이스#폰케이스#스마트톡#daily#daliylook#데일리#일상#오오티티#ootd#followme#소통#맞팔#좋아요#선팔하면맞팔#소통해요#좋아요반사#부산#카페투어#통영카페#젤리케이스#케이스추천#찰리폰케이스#폰케이스추천#엘리제마켓#스마트톡케이스#커플폰케이스#감성카페#감성사진#아이폰#월요일 ","아이폰케이스, 폰케이스, 스마트톡, daily, daliylook, 데일리, 일상, 오오티티, ootd, followme, 소통, 맞팔, 좋아요, 선팔하면맞팔, 소통해요, 좋아요반사, 부산, 카페투어, 통영카페, 젤리케이스, 케이스추천, 찰리폰케이스, 폰케이스추천, 엘리제마켓, 스마트톡케이스, 커플폰케이스, 감성카페, 감성사진, 아이폰, 월요일"
https://www.instagram.com/p/CAMZoG6FHE2/,2020-05-15,"스마일폰케이스
프로필링크 누르면 구매 가능해요♡ 반갑습니다 ^^ #아이폰케이스#폰케이스#스마트톡#daily#daliylook#데일리#일상#오오티티#ootd#followme#소통#맞팔#좋아요#선팔하면맞팔#소통해요#좋아요반사#부산#카페투어#통영카페#젤리케이스#케이스추천#찰리폰케이스#폰케이스추천#엘리제마켓#스마트톡케이스#커플폰케이스#감성카페#감성사진#아이폰#월요일 ","아이폰케이스, 폰케이스, 스마트톡, daily, daliylook, 데일리, 일상, 오오티티, ootd, followme, 소통, 맞팔, 좋아요, 선팔하면맞팔, 소통해요, 좋아요반사, 부산, 카페투어, 통영카페, 젤리케이스, 케이스추천, 찰리폰케이스, 폰케이스추천, 엘리제마켓, 스마트톡케이스, 커플폰케이스, 감성카페, 감성사진, 아이폰, 월요일"
https://www.instagram.com/p/CAMZk1qFcLY/,2020-05-15,"스마일폰케이스
프로필링크 누르면 구매 가능해요♡ #아이폰케이스#폰케이스#스마트톡#daily#daliylook#데일리#일상#오오티티#ootd#followme#소통#맞팔#좋아요#선팔하면맞팔#소통해요#좋아요반사#부산#카페투어#통영카페#젤리케이스#케이스추천#찰리폰케이스#폰케이스추천#엘리제마켓#스마트톡케이스#커플폰케이스#감성카페#감성사진#아이폰#월요일 ","아이폰케이스, 폰케이스, 스마트톡, daily, daliylook, 데일리, 일상, 오오티티, ootd, followme, 소통, 맞팔, 좋아요, 선팔하면맞팔, 소통해요, 좋아요반사, 부산, 카페투어, 통영카페, 젤리케이스, 케이스추천, 찰리폰케이스, 폰케이스추천, 엘리제마켓, 스마트톡케이스, 커플폰케이스, 감성카페, 감성사진, 아이폰, 월요일"
https://www.instagram.com/p/CAMZgaclX8r/,2020-05-15,"스마일폰케이스
프로필링크 누르면 구매 가능해요♡ @woo._.vv 여기로 좋반 후 댓삭 부탁드려용 #아이폰케이스#폰케이스#스마트톡#daily#daliylook#데일리#일상#오오티티#ootd#followme#소통#맞팔#좋아요#선팔하면맞팔#소통해요#좋아요반사#부산#카페투어#통영카페#젤리케이스#케이스추천#찰리폰케이스#폰케이스추천#엘리제마켓#스마트톡케이스#커플폰케이스#감성카페#감성사진#아이폰#월요일 ","아이폰케이스, 폰케이스, 스마트톡, daily, daliylook, 데일리, 일상, 오오티티, ootd, followme, 소통, 맞팔, 좋아요, 선팔하면맞팔, 소통해요, 좋아요반사, 부산, 카페투어, 통영카페, 젤리케이스, 케이스추천, 찰리폰케이스, 폰케이스추천, 엘리제마켓, 스마트톡케이스, 커플폰케이스, 감성카페, 감성사진, 아이폰, 월요일"
https://www.instagram.com/p/CAmLj8sgW-i/,2020-05-25,"오래전부터 가보고싶었던 카페인데
예전에 송리단길 갔다 만석이라 실패하고
잊혀져버린.... 드디어 간 #가배도
말차 비쥬얼이 너무 예뻐 초록초록💚
근데 초점은 오디로...? . @blueblueblab #카페#카페스타그램#카페투어#신논현카페#강남카페#논현카페#가배도#가배도신논현#말차라떼#신사카페#강남카페#카페덕후#카페그램#카페추천#분위기카페#감성카페#갬성카페#송리단길카페#송리단길#카페투어중#디저트카페#카페소통#일상소통#소통스타그램#좋아요#좋아요반사 헐 말차💚 저도 여기 가보고팠어요! 역시 말차는,,, 💚 월요팅이에욤 같이 소통하고지내용☺️ ","가배도, 카페, 카페스타그램, 카페투어, 신논현카페, 강남카페, 논현카페, 가배도, 가배도신논현, 말차라떼, 신사카페, 강남카페, 카페덕후, 카페그램, 카페추천, 분위기카페, 감성카페, 갬성카페, 송리단길카페, 송리단길, 카페투어중, 디저트카페, 카페소통, 일상소통, 소통스타그램, 좋아요, 좋아요반사"
https://www.instagram.com/p/CAmLh5dH_5I/,2020-05-25,"허니자몽블랙티,🍷 ❤️ @cafe_amug #수유#카페#수유역#신상카페#감성카페#이쁜카페#강북#도봉#노원#미아#신사#가로수길#아메리카노#에이머그#amug#맛집#선팔#맞팔#좋아요#데일리#daily#아인슈페너#딸기라떼#케익#카페추천#이태원#강남#자몽#수제청#허니자몽블랙티 ","수유, 카페, 수유역, 신상카페, 감성카페, 이쁜카페, 강북, 도봉, 노원, 미아, 신사, 가로수길, 아메리카노, 에이머그, amug, 맛집, 선팔, 맞팔, 좋아요, 데일리, daily, 아인슈페너, 딸기라떼, 케익, 카페추천, 이태원, 강남, 자몽, 수제청, 허니자몽블랙티"
https://www.instagram.com/p/CAmLY9AgGRC/,2020-05-25,"여기 버터커피 맛있엉😋
⠀
⠀
⠀
#일상 #데일리 #감성사진 #감성스타그램 #갬성 #갬성카페 #감성카페 #강남구청 #압구정 #청담 #일상사진 #버터커피 #커피스타그램 #카페스타그램 #까페스타그램 #cafe #cafestagram #학동 #학동사거리 #천장지구 ","일상, 데일리, 감성사진, 감성스타그램, 갬성, 갬성카페, 감성카페, 강남구청, 압구정, 청담, 일상사진, 버터커피, 커피스타그램, 카페스타그램, 까페스타그램, cafe, cafestagram, 학동, 학동사거리, 천장지구"
